date,atm_iv,ewma_vol_annual,garch_vol_annual
2020-05-04,0.847275,0.5676946050370422,
2020-05-05,0.81635,0.6510361326868468,
2020-05-06,0.815375,0.6427298230581499,
2020-05-07,0.817375,0.6272407560680265,
2020-05-08,0.743225,0.6357845778611256,
2020-05-11,0.746425,0.6188397099384026,
2020-05-12,0.7234499999999999,0.6011216042411082,
2020-05-13,0.7259249999999999,0.5869053801205466,
2020-05-14,0.6808500000000001,0.5903471332701796,
2020-05-15,0.640625,0.5961651639442638,
2020-05-18,0.6392,0.660631499428245,
2020-05-19,0.62415,0.6408416507948835,
2020-05-20,0.634625,0.6370327735216902,
2020-05-21,0.7818499999999999,0.6458078658408648,
2020-05-22,0.77155,0.6446894382768263,
2020-05-26,0.6661250000000001,0.6251988983810961,
2020-05-27,0.655525,0.614562973679761,
2020-05-28,0.650725,0.5958591581929178,
2020-05-29,0.62425,0.5921214685348811,
2020-06-01,0.5955999999999999,0.5763220714577415,
2020-06-02,0.56775,0.5723705642356907,
2020-06-03,0.55065,0.5549802410444226,
2020-06-04,0.5322,0.5407867737177986,
2020-06-05,0.5240750000000001,0.5573518836781213,
2020-06-08,0.590175,0.5446261892551764,
2020-06-09,0.534875,0.5280790727657196,
2020-06-10,0.5407000000000001,0.5119934843331074,
2020-06-11,0.5970249999999999,0.5769046429673298,
2020-06-12,0.5790500000000001,0.5594248574271551,
2020-06-15,0.549525,0.5482633569675093,
2020-06-16,0.5305500000000001,0.5398043430326054,
2020-06-17,0.5217499999999999,0.5258366447518869,
2020-06-18,0.48734999999999995,0.5170186566299675,
2020-06-19,0.496775,0.5034776585401332,
2020-06-22,0.492325,0.49867398455329887,
2020-06-23,0.512875,0.48475069769362733,
2020-06-24,0.5703,0.5124671962080352,
2020-06-25,0.5389999999999999,0.5062802382162931,
2020-06-26,0.5513750000000001,0.49758816959660795,
2020-06-29,0.50485,0.49892372545070957,
2020-06-30,0.4949,0.484592573961454,
2020-07-01,0.450625,0.4715279740807835,
2020-07-02,0.4431,0.460398066795652,
2020-07-06,0.43379999999999996,0.4472686538673379,
2020-07-07,0.41945,0.43424691888890127,
2020-07-08,0.397175,0.4242565516242376,
2020-07-09,0.41915,0.4242724592828746,
2020-07-10,0.40025,0.41982570639629335,
2020-07-13,0.416775,0.413293767502609,
2020-07-14,0.421525,0.4039995380687972,
2020-07-15,0.396,0.3955089784529793,
2020-07-16,0.39080000000000004,0.3838500876183375,
2020-07-17,0.36245,0.3722426399230725,
2020-07-20,0.35914999999999997,0.36091251736495333,
2020-07-21,0.35409999999999997,0.35879189989693944,
2020-07-22,0.3607,0.34788377439866014,
2020-07-23,0.38295,0.3402343297305752,
2020-07-24,0.37592499999999995,0.3298932431591943,
2020-07-27,0.37817500000000004,0.32195432524218426,
2020-07-28,0.365975,0.31592449173883824,
2020-07-29,0.351075,0.30767352392787883,
2020-07-30,0.380375,0.31019749428603177,
2020-07-31,0.37555,0.3013329026206788,
2020-08-03,0.364625,0.29435650178484074,
2020-08-04,0.351525,0.2911995117990862,
2020-08-05,0.340125,0.288288605585832,
2020-08-06,0.338425,0.2795802796215371,
2020-08-07,0.3287,0.274413836133971,
2020-08-10,0.3232,0.26907015245428406,
2020-08-11,0.31545,0.26457180334328145,
2020-08-12,0.304,0.27364850265685764,
2020-08-13,0.303975,0.2660961021373988,
2020-08-14,0.295825,0.2581454248332108,
2020-08-17,0.28525,0.25647075621425663,
2020-08-18,0.27345,0.24958906441643733,
2020-08-19,0.27412499999999995,0.242105424806598,
2020-08-20,0.27402499999999996,0.2354035603797505,
2020-08-21,0.28785,0.23235217109742654,
2020-08-24,0.2894,0.22633015010309412,
2020-08-25,0.281575,0.23105519799116073,
2020-08-26,0.2827,0.22401985458765705,
2020-08-27,0.289025,0.21966170388595663,
2020-08-28,0.2817,0.21306409344635152,
2020-08-31,0.292875,0.20733545869176553,
2020-09-01,0.28425,0.20105534190824206,
2020-09-02,0.31089999999999995,0.21749133617790808,
2020-09-03,0.3458,0.21281725322880582,
2020-09-04,0.378775,0.2557695261874149,
2020-09-08,0.46690000000000004,0.3505489978090205,
2020-09-09,0.42469999999999997,0.3528367583635735,
2020-09-10,0.4484,0.3534669032698696,
2020-09-11,0.44255,0.3445969184849868,
2020-09-14,0.433,0.334409592653072,
2020-09-15,0.385825,0.3346346131608751,
2020-09-16,0.34875,0.36319830221513794,
2020-09-17,0.3356,0.35925048214957633,
2020-09-18,0.33225000000000005,0.34904395375488645,
2020-09-21,0.370825,0.354154766348434,
2020-09-22,0.37172499999999997,0.3437633937487249,
2020-09-23,0.3759,0.33385354659964844,
2020-09-24,0.362825,0.33007816778682697,
2020-09-25,0.34775,0.32067982894628577,
2020-09-28,0.3523,0.3143474870431728,
2020-09-29,0.395825,0.3339621088248876,
2020-09-30,0.36587499999999995,0.33399865467869544,
2020-10-01,0.41007499999999997,0.341586043073075,
2020-10-02,0.48805000000000004,0.3711372511904434,
2020-10-05,0.442275,0.4251489582791682,
2020-10-06,0.41195000000000004,0.4170627452468437,
2020-10-07,0.40580000000000005,0.4043573338823764,
2020-10-08,0.383025,0.4049377748286416,
2020-10-09,0.38227500000000003,0.39723843612663606,
2020-10-12,0.40800000000000003,0.3943948237978036,
2020-10-13,0.38844999999999996,0.3861258124733819,
2020-10-14,0.38425,0.3809258336736745,
2020-10-15,0.39244999999999997,0.3693603478947081,
2020-10-16,0.39980000000000004,0.35933536922112297,
2020-10-19,0.395975,0.3488349076740182,
2020-10-20,0.39105,0.34385570912199304,
2020-10-21,0.41425,0.35757174071849834,
2020-10-22,0.39745,0.35122449520391047,
2020-10-23,0.40647500000000003,0.35143526111026674,
2020-10-26,0.43837499999999996,0.357709770945886,
2020-10-27,0.424625,0.35644686577583573,
2020-10-28,0.5003,0.398681550461003,
2020-10-29,0.5554250000000001,0.4009062710985433,
2020-10-30,0.614675,0.3923616330358017,
2020-11-02,0.583,0.4098406383442468,
2020-11-03,0.570425,0.4030518247344393,
2020-11-04,0.470175,0.40421968410329845,
2020-11-05,0.467775,0.3939295625695677,
2020-11-06,0.489625,0.3948191547632666,
2020-11-09,0.453275,0.4456559297611179,
2020-11-10,0.4081,0.44703299298621,
2020-11-11,0.41069999999999995,0.43376554825769786,
2020-11-12,0.43510000000000004,0.42365864698801475,
2020-11-13,0.43005000000000004,0.41711562060846136,
2020-11-16,0.39447499999999996,0.414937153477791,
2020-11-17,0.382925,0.40237782492415175,
2020-11-18,0.3857,0.39051074901015354,
2020-11-19,0.38965,0.37880589007991916,
2020-11-20,0.37534999999999996,0.3680483854902488,
2020-11-23,0.36369999999999997,0.35836533988016633,
2020-11-24,0.35335,0.38465855390662235,
2020-11-25,0.35355,0.37969552029773934,
2020-11-27,0.38789999999999997,0.36859996181293914,
2020-11-30,0.375075,0.3587357491905254,
2020-12-01,0.389375,0.3506037834183031,
2020-12-02,0.36845,0.34278387890210477,
2020-12-03,0.33709999999999996,0.3341789406861061,
2020-12-04,0.318575,0.3262641695085605,
2020-12-07,0.323275,0.3169416390406654,
2020-12-08,0.3154,0.3072888143861494,
2020-12-09,0.326925,0.29805384310192395,
2020-12-10,0.327475,0.3039963358021623,
2020-12-11,0.33015,0.29545728698754714,
2020-12-14,0.340525,0.2878119838362203,
2020-12-15,0.316175,0.2825649239352967,
2020-12-16,0.31270000000000003,0.27499100699491036,
2020-12-17,0.308125,0.2711817582189486,
2020-12-18,0.31515,0.26555935175784456,
2020-12-21,0.33897499999999997,0.2757766237937065,
2020-12-22,0.33804999999999996,0.27542007198223606,
2020-12-23,0.320125,0.27851680636656345,
2020-12-24,0.31195,0.2707814905233798,
2020-12-28,0.3303,0.2654392361071375,
2020-12-29,0.3188,0.25834365170712653,
2020-12-30,0.31655,0.2509458526183939,
2020-12-31,0.32272500000000004,0.24358688815354,
2021-01-04,0.36035,0.24776766683042414,
2021-01-05,0.345325,0.30196254957367463,
2021-01-06,0.330625,0.2934074722376164,
2021-01-07,0.310525,0.28842180657711314,
2021-01-08,0.30779999999999996,0.29699522672212963,
2021-01-11,0.33465,0.2885542845052307,
2021-01-12,0.319,0.2883750603115481,
2021-01-13,0.31272500000000003,0.2798003038541617,
2021-01-14,0.316875,0.275403581444799,
2021-01-15,0.320575,0.28435635171874246,
2021-01-19,0.311475,0.2793183914822711,
2021-01-20,0.2999,0.2708441350400361,
2021-01-21,0.29565,0.2626133759893043,
2021-01-22,0.320625,0.26114946728274835,
2021-01-25,0.32165,0.2562614564431957,
2021-01-26,0.3174,0.24892695158996275,
2021-01-27,0.344125,0.24140585316588767,
2021-01-28,0.34845,0.23565938334146488,
2021-01-29,0.3418,0.2286109534771783,
2021-02-01,0.33999999999999997,0.24421401004154694,
2021-02-02,0.3226,0.24825927381918675,
2021-02-03,0.31535,0.24930052972101951,
2021-02-04,0.30067499999999997,0.24471190632069395,
2021-02-05,0.298,0.2404223518516624,
2021-02-08,0.29464999999999997,0.24505849512133882,
2021-02-09,0.286975,0.23869402764214356,
2021-02-10,0.28605,0.23167921078061915,
2021-02-11,0.290675,0.2267244370546607,
2021-02-12,0.29069999999999996,0.2397071020267741,
2021-02-16,0.30202500000000004,0.2375839736561548,
2021-02-17,0.31425,0.2341562462746567,
2021-02-18,0.33245,0.23466789096992016,
2021-02-19,0.3204,0.23464581454282765,
2021-02-22,0.33694999999999997,0.27455959178856204,
2021-02-23,0.3499,0.2680994771512826,
2021-02-24,0.34952500000000003,0.2723673305603024,
2021-02-25,0.3518,0.26409530685434185,
2021-02-26,0.372775,0.2774185109173471,
2021-03-01,0.38165,0.2772864342586528,
2021-03-02,0.3716,0.27365154884802256,
2021-03-03,0.3617,0.2844161995560985,
2021-03-04,0.3475,0.32835776497772673,
2021-03-05,0.3306,0.3408447801009405,
2021-03-08,0.348125,0.3407571621158337,
2021-03-09,0.34495,0.3322271160329695,
2021-03-10,0.34195,0.32700896877483127,
2021-03-11,0.33815,0.3259616138927604,
2021-03-12,0.33535000000000004,0.3167864690020132,
2021-03-15,0.3557,0.3072374315035618,
2021-03-16,0.35687500000000005,0.30028698997532066,
2021-03-17,0.3399,0.2911403905489051,
2021-03-18,0.4367,0.41870010384240064,
2021-03-19,0.39985000000000004,0.4241533543892467,
2021-03-22,0.36285,0.4112699195525187,
2021-03-23,0.43435,0.45759968453605115,
2021-03-24,0.39835,0.48673440535422435,
2021-03-25,0.44830000000000003,0.49492145991544195,
2021-03-26,0.40355,0.5047721755963941,
2021-03-29,0.40997500000000003,0.4907425266082821,
2021-03-30,0.383025,0.4809432572597382,
2021-03-31,0.416375,0.47025471484260184,
2021-04-01,0.357975,0.4724098414947802,
2021-04-05,0.388725,0.4812603158246539,
2021-04-06,0.38025,0.4683393093034406,
2021-04-07,0.3595,0.45432803215690504,
2021-04-08,0.35257499999999997,0.4405038337808952,
2021-04-09,0.34154999999999996,0.42742989362637807,
2021-04-12,0.33355,0.4151499212270745,
2021-04-13,0.31920000000000004,0.4052663844259067,
2021-04-14,0.31542499999999996,0.4209586848373358,
2021-04-15,0.31072500000000003,0.4086604039596468,
2021-04-16,0.3096,0.39629367314780234,
2021-04-19,0.321725,0.3844270860390738,
2021-04-20,0.331,0.37638312561356896,
2021-04-21,0.350975,0.3756766070968052,
2021-04-22,0.34857499999999997,0.36543890626473885,
2021-04-23,0.332675,0.35593691183066745,
2021-04-26,0.34475,0.34529956664376554,
2021-04-27,0.33005,0.34222612423448284,
2021-04-28,0.3258,0.33393544133685565,
2021-04-29,0.32030000000000003,0.33015774857556596,
2021-04-30,0.32775,0.33196607389779886,
2021-05-03,0.340625,0.32801603205299273,
2021-05-04,0.322125,0.32742585478173386,0.29774950835757
2021-05-05,0.33742500000000003,0.3179748047451307,0.29774950835757
2021-05-06,0.3373,0.3090598049803751,0.29774950835757
2021-05-07,0.28212499999999996,0.2996497129017501,0.29774950835757
2021-05-10,0.33665,0.2905540923530872,0.29774950835757
2021-05-11,0.329275,0.2837404766508847,0.29774950835757
2021-05-12,0.32477500000000004,0.27675076849686364,0.29774950835757
2021-05-13,0.33195,0.29524189247013033,0.29774950835757
2021-05-14,0.316975,0.29696812586454124,0.29774950835757
2021-05-17,0.324975,0.29384302195827555,0.29774950835757
2021-05-18,0.324975,0.2888084493193523,0.29774950835757
2021-05-19,0.3506,0.3063337746659077,0.29774950835757
2021-05-20,0.35445000000000004,0.30920240928430226,0.29774950835757
2021-05-21,0.317175,0.3193615879721866,0.29774950835757
2021-05-24,0.31765,0.3305485100380008,0.29774950835757
2021-05-25,0.321125,0.32059529756770666,0.29774950835757
2021-05-26,0.310325,0.3117664135895822,0.29774950835757
2021-05-27,0.3043,0.3037532196491759,0.29774950835757
2021-05-28,0.30179999999999996,0.2947092932055647,0.29774950835757
2021-06-01,0.3066,0.2959599135102132,0.29774950835757
2021-06-02,0.30135,0.29085654187747784,0.29774950835757
2021-06-03,0.3056,0.2820555058971391,0.29441336974842364
2021-06-04,0.2929,0.27450833925886453,0.29441336974842364
2021-06-07,0.28512499999999996,0.2661469809000058,0.29441336974842364
2021-06-08,0.2831,0.26281164382797817,0.29441336974842364
2021-06-09,0.28915,0.2559747887480247,0.29441336974842364
2021-06-10,0.2843,0.24901195441355492,0.29441336974842364
2021-06-11,0.28635,0.24220926189593586,0.29441336974842364
2021-06-14,0.2923,0.23569525389450716,0.29441336974842364
2021-06-15,0.287,0.2345249485827558,0.29441336974842364
2021-06-16,0.28945,0.22811578219031448,0.29441336974842364
2021-06-17,0.31284999999999996,0.22840554397153948,0.29441336974842364
2021-06-18,0.3073,0.22294704902329437,0.29441336974842364
2021-06-21,0.303575,0.23034109833373037,0.29441336974842364
2021-06-22,0.30715000000000003,0.22337393364286015,0.29441336974842364
2021-06-23,0.29725,0.21784390566551312,0.29441336974842364
2021-06-24,0.2796,0.21141540146645,0.29441336974842364
2021-06-25,0.2744,0.20743561959070808,0.29441336974842364
2021-06-28,0.283075,0.20858933247644607,0.29441336974842364
2021-06-29,0.284275,0.20407925919711778,0.29441336974842364
2021-06-30,0.28669999999999995,0.1978637182105135,0.29441336974842364
2021-07-01,0.290725,0.20020034751558224,0.29441336974842364
2021-07-02,0.29232499999999995,0.19554789059883673,0.23124141521089578
2021-07-06,0.329075,0.20556313317353944,0.23124141521089578
2021-07-07,0.3567,0.2220246960829386,0.23124141521089578
2021-07-08,0.33599999999999997,0.22578304224538617,0.23124141521089578
2021-07-09,0.314025,0.22960159332042565,0.23124141521089578
2021-07-12,0.319875,0.22274087321257405,0.23124141521089578
2021-07-13,0.313825,0.22534953239055455,0.23124141521089578
2021-07-14,0.3257,0.24543770076914195,0.23124141521089578
2021-07-15,0.3274,0.24357245360149898,0.23124141521089578
2021-07-16,0.31855,0.23628506269372476,0.23124141521089578
2021-07-19,0.39559999999999995,0.35432812932716357,0.23124141521089578
2021-07-20,0.35775,0.34813647178495144,0.23124141521089578
2021-07-21,0.326325,0.3671328734200059,0.23124141521089578
2021-07-22,0.311975,0.3631243881546701,0.23124141521089578
2021-07-23,0.29757500000000003,0.35285577585459027,0.23124141521089578
2021-07-26,0.314975,0.3424659145548673,0.23124141521089578
2021-07-27,0.30845,0.3324034663856277,0.23124141521089578
2021-07-28,0.30337499999999995,0.3228726390356621,0.23124141521089578
2021-07-29,0.292225,0.3210523159894432,0.23124141521089578
2021-07-30,0.289575,0.311275555950881,0.23124141521089578
2021-08-02,0.32277500000000003,0.3230648603068624,0.23124141521089578
2021-08-03,0.32394999999999996,0.3143151594917715,0.32449240299319393
2021-08-04,0.36827499999999996,0.33274269389807637,0.32449240299319393
2021-08-05,0.347775,0.33086093722105314,0.32449240299319393
2021-08-06,0.35475,0.3236618690640937,0.32449240299319393
2021-08-09,0.375425,0.32386572925657553,0.32449240299319393
2021-08-10,0.35085,0.32639347745419667,0.32449240299319393
2021-08-11,0.32630000000000003,0.3204129938471805,0.32449240299319393
2021-08-12,0.31675,0.31107064193183354,0.32449240299319393
2021-08-13,0.31437499999999996,0.3064867207286302,0.32449240299319393
2021-08-16,0.3403,0.2988792811049404,0.32449240299319393
2021-08-17,0.335975,0.29228281535068823,0.32449240299319393
2021-08-18,0.36107500000000003,0.30043033055821444,0.32449240299319393
2021-08-19,0.3554,0.29630277203059446,0.32449240299319393
2021-08-20,0.37217500000000003,0.31062794853582604,0.32449240299319393
2021-08-23,0.3461,0.3676384557030458,0.32449240299319393
2021-08-24,0.32280000000000003,0.3783268522353842,0.32449240299319393
2021-08-25,0.3092,0.3685591387727129,0.32449240299319393
2021-08-26,0.314075,0.3583448616791047,0.32449240299319393
2021-08-27,0.30970000000000003,0.3516748795237753,0.32449240299319393
2021-08-30,0.301125,0.3415555680588595,0.32449240299319393
2021-08-31,0.306325,0.33242045448531754,0.32449240299319393
2021-09-01,0.296025,0.32241683116484715,0.286359592053928
2021-09-02,0.28485000000000005,0.32314099696565274,0.286359592053928
2021-09-03,0.2898,0.3141476574961733,0.286359592053928
2021-09-07,0.2957,0.30863202850737986,0.286359592053928
2021-09-08,0.28859999999999997,0.3024862028707083,0.286359592053928
2021-09-09,0.30735,0.30100853118670023,0.286359592053928
2021-09-10,0.29824999999999996,0.30384748179711635,0.286359592053928
2021-09-13,0.300125,0.299465065326744,0.286359592053928
2021-09-14,0.2978,0.290650410739878,0.286359592053928
2021-09-15,0.29174999999999995,0.3015431566166098,0.286359592053928
2021-09-16,0.29155,0.2923579434783819,0.286359592053928
2021-09-17,0.28845,0.2849571359487765,0.286359592053928
2021-09-20,0.31725,0.28190237592982353,0.286359592053928
2021-09-21,0.307,0.273318993028156,0.286359592053928
2021-09-22,0.28822499999999995,0.2740699658580578,0.286359592053928
2021-09-23,0.291275,0.2744618990969509,0.286359592053928
2021-09-24,0.28965,0.2681585210652176,0.286359592053928
2021-09-27,0.31239999999999996,0.27229791010093424,0.286359592053928
2021-09-28,0.323625,0.26667555427318496,0.286359592053928
2021-09-29,0.31729999999999997,0.25861979188497225,0.286359592053928
2021-09-30,0.337675,0.25137192896438404,0.286359592053928
2021-10-01,0.32475,0.24908463585480553,0.26614414149974475
2021-10-04,0.33194999999999997,0.25729819714752455,0.26614414149974475
2021-10-05,0.33465,0.26213047504938175,0.26614414149974475
2021-10-06,0.34795,0.2746510974724045,0.26614414149974475
2021-10-07,0.345725,0.27958659122277235,0.26614414149974475
2021-10-08,0.3473,0.2711791286956793,0.26614414149974475
2021-10-11,0.35077500000000006,0.26752876994236136,0.26614414149974475
2021-10-12,0.33625,0.2594240685016307,0.26614414149974475
2021-10-13,0.324075,0.2515448114072711,0.26614414149974475
2021-10-14,0.31547499999999995,0.24795275931261912,0.26614414149974475
2021-10-15,0.31205,0.2415162309592702,0.26614414149974475
2021-10-18,0.32515,0.23451644077932338,0.26614414149974475
2021-10-19,0.31,0.2295131651766859,0.26614414149974475
2021-10-20,0.3087,0.22745487342342274,0.26614414149974475
2021-10-21,0.32155,0.22564542776470412,0.26614414149974475
2021-10-22,0.31915,0.22272289392144895,0.26614414149974475
2021-10-25,0.31870000000000004,0.21635475337572682,0.26614414149974475
2021-10-26,0.301825,0.21382301460714662,0.26614414149974475
2021-10-27,0.32230000000000003,0.23216118429096907,0.26614414149974475
2021-10-28,0.3177,0.22764498012149795,0.26614414149974475
2021-10-29,0.321325,0.22136164086297683,0.26614414149974475
2021-11-01,0.3294,0.2161596092356156,0.26107114756417027
2021-11-02,0.32325000000000004,0.2095745167356957,0.26107114756417027
2021-11-03,0.36767500000000003,0.2531024563810094,0.26107114756417027
2021-11-04,0.356325,0.24717355399444835,0.26107114756417027
2021-11-05,0.35235000000000005,0.26526040270818335,0.26107114756417027
2021-11-08,0.35575,0.25982101317545986,0.26107114756417027
2021-11-09,0.337325,0.258832840816235,0.26107114756417027
2021-11-10,0.3447,0.27492201760162244,0.26107114756417027
2021-11-11,0.3396,0.2666363470060033,0.26107114756417027
2021-11-12,0.337375,0.25904820206961576,0.26107114756417027
2021-11-15,0.33875,0.2512342163759882,0.26107114756417027
2021-11-16,0.32177500000000003,0.24374700892614254,0.26107114756417027
2021-11-17,0.31965,0.25078179490426505,0.26107114756417027
2021-11-18,0.30855000000000005,0.2462012093542266,0.26107114756417027
2021-11-19,0.342675,0.2698754185414934,0.26107114756417027
2021-11-22,0.340575,0.2660462055525176,0.26107114756417027
2021-11-23,0.32815,0.2857698279167385,0.26107114756417027
2021-11-24,0.321975,0.27795241191344355,0.26107114756417027
2021-11-26,0.5862750000000001,0.5341713390619642,0.26107114756417027
2021-11-29,0.492575,0.5196050281458253,0.26107114756417027
2021-11-30,0.569125,0.5347087266621412,0.26107114756417027
2021-12-01,0.6738500000000001,0.5232939164915642,0.6363713274038495
2021-12-02,0.47385,0.5174998259334284,0.6363713274038495
2021-12-03,0.50215,0.5022810924501719,0.6363713274038495
2021-12-06,0.47735,0.5257665701691914,0.6363713274038495
2021-12-07,0.41522499999999996,0.5163451783686992,0.6363713274038495
2021-12-08,0.382375,0.5044473794091475,0.6363713274038495
2021-12-09,0.39815,0.5002791560087739,0.6363713274038495
2021-12-10,0.362275,0.49099146287213224,0.6363713274038495
2021-12-13,0.3942,0.47809493863863434,0.6363713274038495
2021-12-14,0.4274,0.46521086540720535,0.6363713274038495
2021-12-15,0.38532500000000003,0.4541524949335453,0.6363713274038495
2021-12-16,0.380675,0.44071777358038416,0.6363713274038495
2021-12-17,0.401725,0.4351989778624604,0.6363713274038495
2021-12-20,0.445975,0.4273815802683089,0.6363713274038495
2021-12-21,0.40075,0.43368279508690066,0.6363713274038495
2021-12-22,0.3882,0.42593685853937263,0.6363713274038495
2021-12-23,0.36972499999999997,0.41572581155606075,0.6363713274038495
2021-12-27,0.3616,0.41538288484005514,0.6363713274038495
2021-12-28,0.352425,0.4028703293325275,0.6363713274038495
2021-12-29,0.3366,0.39167626220402657,0.6363713274038495
2021-12-30,0.33575,0.3797468492605201,0.6363713274038495
2021-12-31,0.3416,0.371913243830409,0.29551684826623
2022-01-03,0.322525,0.36213379334460494,0.29551684826623
2022-01-04,0.3211,0.3551586210460756,0.29551684826623
2022-01-05,0.36295,0.3445214140905064,0.29551684826623
2022-01-06,0.320975,0.3489890196376075,0.29551684826623
2022-01-07,0.33130000000000004,0.33869267199601866,0.29551684826623
2022-01-10,0.361175,0.3302508904258945,0.29551684826623
2022-01-11,0.30995,0.34790283315234793,0.29551684826623
2022-01-12,0.311025,0.34096407783151095,0.29551684826623
2022-01-13,0.320175,0.3332945623495924,0.29551684826623
2022-01-14,0.3773,0.3419413833328727,0.29551684826623
2022-01-18,0.35860000000000003,0.3377034626560312,0.29551684826623
2022-01-19,0.346375,0.32745535323748765,0.29551684826623
2022-01-20,0.34900000000000003,0.3184562570267818,0.29551684826623
2022-01-21,0.352,0.3088504146266965,0.29551684826623
2022-01-24,0.369325,0.30252772360426,0.29551684826623
2022-01-25,0.393825,0.2984675809480932,0.29551684826623
2022-01-26,0.392575,0.29285608509556255,0.29551684826623
2022-01-27,0.38639999999999997,0.28416051562293076,0.29551684826623
2022-01-28,0.388625,0.2755904419380279,0.29551684826623
2022-01-31,0.37429999999999997,0.26908881482156344,0.29551684826623
2022-02-01,0.37697499999999995,0.26090982752529446,0.2747626927528953
2022-02-02,0.369725,0.2529622275673819,0.2747626927528953
2022-02-03,0.3738,0.25275004599423645,0.2747626927528953
2022-02-04,0.38,0.25930312065387956,0.2747626927528953
2022-02-07,0.383,0.2517823171236917,0.2747626927528953
2022-02-08,0.367525,0.252426529905203,0.2747626927528953
2022-02-09,0.34335,0.2470148600625259,0.2747626927528953
2022-02-10,0.350275,0.23982873423880716,0.2747626927528953
2022-02-11,0.43145,0.25585043454793666,0.2747626927528953
2022-02-14,0.4179,0.25072726094481623,0.2747626927528953
2022-02-15,0.41962499999999997,0.27281212020450213,0.2747626927528953
2022-02-16,0.42910000000000004,0.2683058373486486,0.2747626927528953
2022-02-17,0.46935000000000004,0.2629458983961628,0.2747626927528953
2022-02-18,0.45665,0.257244228542891,0.2747626927528953
2022-02-22,0.4457,0.25393839275267627,0.2747626927528953
2022-02-23,0.42985,0.2496440807415135,0.2747626927528953
2022-02-24,0.429625,0.24210998481701923,0.2747626927528953
2022-02-25,0.446275,0.23687600763097172,0.2747626927528953
2022-02-28,0.469575,0.2497081041407063,0.2747626927528953
2022-03-01,0.5932999999999999,0.34257523110730187,0.2747626927528953
2022-03-02,0.59155,0.38273420368646527,0.2747626927528953
2022-03-03,0.62575,0.37393445605239833,0.48970010722859164
2022-03-04,0.764825,0.4398517932355146,0.48970010722859164
2022-03-07,0.7696000000000001,0.4488002066401689,0.48970010722859164
2022-03-08,0.765425,0.4576609052079824,0.48970010722859164
2022-03-09,0.7157,0.6551559531669344,0.48970010722859164
2022-03-10,0.656375,0.6394165640599133,0.48970010722859164
2022-03-11,0.6448,0.6316274555202361,0.48970010722859164
2022-03-14,0.59405,0.6398777973954063,0.48970010722859164
2022-03-15,0.60085,0.6621702572962844,0.48970010722859164
2022-03-16,0.569625,0.6423056433931152,0.48970010722859164
2022-03-17,0.6550499999999999,0.6894922770468374,0.48970010722859164
2022-03-18,0.67245,0.6703800360018789,0.48970010722859164
2022-03-21,0.688475,0.6953940338724851,0.48970010722859164
2022-03-22,0.6573,0.6759307345222814,0.48970010722859164
2022-03-23,0.699425,0.67561473500868,0.48970010722859164
2022-03-24,0.6618999999999999,0.6635244313427862,0.48970010722859164
2022-03-25,0.662175,0.6450970608317376,0.48970010722859164
2022-03-28,0.6163750000000001,0.6985897008799654,0.48970010722859164
2022-03-29,0.5936,0.6824494959055554,0.48970010722859164
2022-03-30,0.5809249999999999,0.6675979622506596,0.48970010722859164
2022-03-31,0.554575,0.6756832638241475,0.48970010722859164
2022-04-01,0.509325,0.6551044775516675,0.6610384420935097
2022-04-04,0.50065,0.6500788134357948,0.6610384420935097
2022-04-05,0.498175,0.6390666200842687,0.6610384420935097
2022-04-06,0.49455,0.6263990134632129,0.6610384420935097
2022-04-07,0.503625,0.6073247669683256,0.6610384420935097
2022-04-08,0.48475,0.5911880675226256,0.6610384420935097
2022-04-11,0.48897500000000005,0.5811861851140477,0.6610384420935097
2022-04-12,0.48435,0.5956319447070665,0.6610384420935097
2022-04-13,0.473875,0.590421419995124,0.6610384420935097
2022-04-14,0.488275,0.5752270252393212,0.6610384420935097
2022-04-18,0.48305,0.5591962000958306,0.6610384420935097
2022-04-19,0.471,0.5698814529882915,0.6610384420935097
2022-04-20,0.46885,0.5528532784748212,0.6610384420935097
2022-04-21,0.462075,0.53781820106533,0.6610384420935097
2022-04-22,0.4737,0.5293415224704635,0.6610384420935097
2022-04-25,0.485175,0.5202922593582804,0.6610384420935097
2022-04-26,0.49239999999999995,0.5129716184269962,0.6610384420935097
2022-04-27,0.4934,0.4973655218812601,0.6610384420935097
2022-04-28,0.472225,0.4898411006772439,0.6610384420935097
2022-04-29,0.48385,0.4771496839526474,0.6610384420935097
2022-05-02,0.49845,0.46661821427131656,0.6610384420935097
2022-05-03,0.49467500000000003,0.46027444651192867,0.3207423197100047
2022-05-04,0.48624999999999996,0.479334440511407,0.3207423197100047
2022-05-05,0.5100750000000001,0.4649022827257879,0.3207423197100047
2022-05-06,0.50745,0.4575954571581849,0.3207423197100047
2022-05-09,0.533175,0.5206972089884337,0.3207423197100047
2022-05-10,0.5227250000000001,0.5156389137620462,0.3207423197100047
2022-05-11,0.5035000000000001,0.5333805384055158,0.3207423197100047
2022-05-12,0.49620000000000003,0.5197271065563114,0.3207423197100047
2022-05-13,0.475075,0.5135910594330896,0.3207423197100047
2022-05-16,0.476225,0.5054153765877847,0.3207423197100047
2022-05-17,0.462225,0.49908863980566454,0.3207423197100047
2022-05-18,0.4776,0.4918651584213491,0.3207423197100047
2022-05-19,0.460225,0.48099215959203445,0.3207423197100047
2022-05-20,0.454425,0.4691516845695116,0.3207423197100047
2022-05-23,0.44177500000000003,0.45511365532945985,0.3207423197100047
2022-05-24,0.41942500000000005,0.4412513540458806,0.3207423197100047
2022-05-25,0.40565,0.4284106290328084,0.3207423197100047
2022-05-26,0.40700000000000003,0.4268152698943757,0.3207423197100047
2022-05-27,0.41565,0.41572116189774494,0.3207423197100047
2022-05-31,0.4439,0.40305687735721296,0.3207423197100047
2022-06-01,0.439975,0.3907911068952817,0.3207423197100047
2022-06-02,0.431125,0.3866243091893025,0.25392350655573453
2022-06-03,0.4264,0.3873693439502808,0.25392350655573453
2022-06-06,0.44255,0.3785257612298399,0.25392350655573453
2022-06-07,0.423225,0.37397455506298455,0.25392350655573453
2022-06-08,0.394675,0.37203044184149486,0.25392350655573453
2022-06-09,0.397175,0.3627625289288515,0.25392350655573453
2022-06-10,0.39597499999999997,0.3540665577537932,0.25392350655573453
2022-06-13,0.42252500000000004,0.34342328258292815,0.25392350655573453
2022-06-14,0.42622499999999997,0.34316822541492037,0.25392350655573453
2022-06-15,0.42205000000000004,0.33947275544271627,0.25392350655573453
2022-06-16,0.412225,0.33073344088248396,0.25392350655573453
2022-06-17,0.45447499999999996,0.37608236061420747,0.25392350655573453
2022-06-21,0.422625,0.36611443583801145,0.25392350655573453
2022-06-22,0.447775,0.3851562765429439,0.25392350655573453
2022-06-23,0.44595,0.3846933977906692,0.25392350655573453
2022-06-24,0.42935,0.3891810786013587,0.25392350655573453
2022-06-27,0.4305,0.38542955840511284,0.25392350655573453
2022-06-28,0.4283,0.3828024792361277,0.25392350655573453
2022-06-29,0.443875,0.38011285632174724,0.25392350655573453
2022-06-30,0.452025,0.3887811462005994,0.25392350655573453
2022-07-01,0.459975,0.38222549188193655,0.25392350655573453
2022-07-05,0.486475,0.5047600745227161,0.40056257901239856
2022-07-06,0.498725,0.4928258323558096,0.40056257901239856
2022-07-07,0.501125,0.5005399113962709,0.40056257901239856
2022-07-08,0.4915,0.495445642281967,0.40056257901239856
2022-07-11,0.48265,0.48059847074692086,0.40056257901239856
2022-07-12,0.50925,0.5431973881315573,0.40056257901239856
2022-07-13,0.49435,0.5270382406066279,0.40056257901239856
2022-07-14,0.501725,0.5113032003306714,0.40056257901239856
2022-07-15,0.482625,0.49797041537561654,0.40056257901239856
2022-07-18,0.48619999999999997,0.508185400265726,0.40056257901239856
2022-07-19,0.47059999999999996,0.496623745395584,0.40056257901239856
2022-07-20,0.46565,0.4819299392833833,0.40056257901239856
2022-07-21,0.469,0.47983868918049033,0.40056257901239856
2022-07-22,0.457975,0.467875117437755,0.40056257901239856
2022-07-25,0.4537,0.4619245952599362,0.40056257901239856
2022-07-26,0.458575,0.45115118395177106,0.40056257901239856
2022-07-27,0.478875,0.4585804738464076,0.40056257901239856
2022-07-28,0.44352499999999995,0.4461578475457949,0.40056257901239856
2022-07-29,0.44042499999999996,0.43501636017571327,0.40056257901239856
2022-08-01,0.4713,0.44706538166859705,0.40056257901239856
2022-08-02,0.460325,0.4353983249141725,0.40056257901239856
2022-08-03,0.471025,0.44022158307828513,0.3985610219459287
2022-08-04,0.461975,0.44007451906121686,0.3985610219459287
2022-08-05,0.448425,0.4266684226166562,0.3985610219459287
2022-08-08,0.42627499999999996,0.4273385760437176,0.3985610219459287
2022-08-09,0.41405,0.41434748304401997,0.3985610219459287
2022-08-10,0.387025,0.40432570074021706,0.3985610219459287
2022-08-11,0.389725,0.40486513423462156,0.3985610219459287
2022-08-12,0.406175,0.3981813701724237,0.3985610219459287
2022-08-15,0.40869999999999995,0.4015430674594522,0.3985610219459287
2022-08-16,0.44175,0.39924292056189414,0.3985610219459287
2022-08-17,0.4436,0.38956885420806503,0.3985610219459287
2022-08-18,0.4183,0.39477928784139554,0.3985610219459287
2022-08-19,0.433725,0.38283357293684533,0.3985610219459287
2022-08-22,0.441475,0.37258383130877704,0.3985610219459287
2022-08-23,0.418025,0.3777169164428268,0.3985610219459287
2022-08-24,0.4155,0.37121678040504025,0.3985610219459287
2022-08-25,0.41705,0.3681575604287254,0.3985610219459287
2022-08-26,0.4245,0.3584808471447237,0.3985610219459287
2022-08-29,0.42955,0.375802903151127,0.3985610219459287
2022-08-30,0.455125,0.3989338651011934,0.3985610219459287
2022-08-31,0.46072500000000005,0.4060301906161621,0.3985610219459287
2022-09-01,0.488625,0.4105698356999539,0.48518859822727883
2022-09-02,0.505375,0.3989247032054553,0.48518859822727883
2022-09-06,0.48577499999999996,0.3867722328186777,0.48518859822727883
2022-09-07,0.50265,0.43106245222150147,0.48518859822727883
2022-09-08,0.490675,0.4187975211075131,0.48518859822727883
2022-09-09,0.4588,0.4394996167126749,0.48518859822727883
2022-09-12,0.4628,0.43163604864376254,0.48518859822727883
2022-09-13,0.4676,0.41893568982260887,0.48518859822727883
2022-09-14,0.464775,0.40801138358597994,0.48518859822727883
2022-09-15,0.46740000000000004,0.4275140961006614,0.48518859822727883
2022-09-16,0.44625,0.41456360078665266,0.48518859822727883
2022-09-19,0.45099999999999996,0.402020743985206,0.48518859822727883
2022-09-20,0.4615,0.3925195287349844,0.48518859822727883
2022-09-21,0.46140000000000003,0.3817783426903477,0.48518859822727883
2022-09-22,0.4497,0.37051027864542463,0.48518859822727883
2022-09-23,0.48582499999999995,0.4168247871012418,0.48518859822727883
2022-09-26,0.5205500000000001,0.4240023455147467,0.48518859822727883
2022-09-27,0.5204,0.4177543580505302,0.48518859822727883
2022-09-28,0.508675,0.4355702746742541,0.48518859822727883
2022-09-29,0.5022500000000001,0.42281834604131435,0.48518859822727883
2022-09-30,0.511925,0.41922521841567345,0.48518859822727883
2022-10-03,0.5190999999999999,0.4340995214620612,0.44148645512606455
2022-10-04,0.519825,0.4418544515324769,0.44148645512606455
2022-10-05,0.5078,0.43790591743275825,0.44148645512606455
2022-10-06,0.4871,0.4282878667863737,0.44148645512606455
2022-10-07,0.487925,0.42977233630397144,0.44148645512606455
2022-10-10,0.47835,0.42234649081603964,0.44148645512606455
2022-10-11,0.47945000000000004,0.4236075860161649,0.44148645512606455
2022-10-12,0.474225,0.4131276432065074,0.44148645512606455
2022-10-13,0.472325,0.40971315195477087,0.44148645512606455
2022-10-14,0.47425,0.4173731482193445,0.44148645512606455
2022-10-17,0.477275,0.4046643550092014,0.44148645512606455
2022-10-18,0.46175,0.4004313681534251,0.44148645512606455
2022-10-19,0.44335,0.3954323187447705,0.44148645512606455
2022-10-20,0.443575,0.3834644781365937,0.44148645512606455
2022-10-21,0.433875,0.37240657440783964,0.44148645512606455
2022-10-24,0.43545,0.3612137250318826,0.44148645512606455
2022-10-25,0.4317,0.35043941569575815,0.44148645512606455
2022-10-26,0.449325,0.3630180492387383,0.44148645512606455
2022-10-27,0.441775,0.35364434776095743,0.44148645512606455
2022-10-28,0.4297,0.3454930980638581,0.44148645512606455
2022-10-31,0.448,0.3421022155345107,0.44148645512606455
2022-11-01,0.438125,0.3425200498771306,0.35587506445050826
2022-11-02,0.44852499999999995,0.3359363915888017,0.35587506445050826
2022-11-03,0.43127499999999996,0.3283596946015504,0.35587506445050826
2022-11-04,0.439225,0.3671635150237728,0.35587506445050826
2022-11-07,0.4233,0.3562222519472563,0.35587506445050826
2022-11-08,0.421325,0.36175124511938034,0.35587506445050826
2022-11-09,0.431275,0.38107667839250065,0.35587506445050826
2022-11-10,0.40802499999999997,0.3707493618226114,0.35587506445050826
2022-11-11,0.398775,0.37695315197377677,0.35587506445050826
2022-11-14,0.4319,0.3883463527195831,0.35587506445050826
2022-11-15,0.44362500000000005,0.3832991102232114,0.35587506445050826
2022-11-16,0.433,0.37722421399312717,0.35587506445050826
2022-11-17,0.43620000000000003,0.38021304553650087,0.35587506445050826
2022-11-18,0.43784999999999996,0.37381251717335207,0.35587506445050826
2022-11-21,0.46035000000000004,0.3624246819902709,0.35587506445050826
2022-11-22,0.43679999999999997,0.35538050563560175,0.35587506445050826
2022-11-23,0.48757500000000004,0.37401211618479313,0.35587506445050826
2022-11-25,0.478625,0.3635523078189199,0.35587506445050826
2022-11-28,0.47250000000000003,0.3525076906388613,0.35587506445050826
2022-11-29,0.4482,0.35193362269885603,0.35587506445050826
2022-11-30,0.42785,0.35732112303278096,0.35587506445050826
2022-12-01,0.41612499999999997,0.3466490882254636,0.37749813305075824
2022-12-02,0.42035,0.3377856148182819,0.37749813305075824
2022-12-05,0.422175,0.3487409290061896,0.37749813305075824
2022-12-06,0.43265,0.36816101397847273,0.37749813305075824
2022-12-07,0.44655,0.369460015649038,0.37749813305075824
2022-12-08,0.447075,0.36284669901785715,0.37749813305075824
2022-12-09,0.439175,0.3518997788059523,0.37749813305075824
2022-12-12,0.448,0.3542492656883431,0.37749813305075824
2022-12-13,0.435,0.35419862274174546,0.37749813305075824
2022-12-14,0.4079,0.35439729381439034,0.37749813305075824
2022-12-15,0.414225,0.35075570199025413,0.37749813305075824
2022-12-16,0.4149,0.3480669381609433,0.37749813305075824
2022-12-19,0.4112,0.34454085162706194,0.37749813305075824
2022-12-20,0.402125,0.3341611164367372,0.37749813305075824
2022-12-21,0.39632500000000004,0.3410589950618824,0.37749813305075824
2022-12-22,0.39475,0.33131140038295187,0.37749813305075824
2022-12-23,0.385775,0.33412007413541744,0.37749813305075824
2022-12-27,0.41155,0.32415489224353045,0.37749813305075824
2022-12-28,0.417925,0.3188000934227813,0.37749813305075824
2022-12-29,0.39432500000000004,0.30910116872804,0.37749813305075824
2022-12-30,0.387825,0.31251663797194945,0.37749813305075824
2023-01-03,0.44084999999999996,0.33355129987584553,0.33414238700150367
2023-01-04,0.447875,0.3786222265541172,0.33414238700150367
2023-01-05,0.43105000000000004,0.36822525464659794,0.33414238700150367
2023-01-06,0.42345,0.35702023547614115,0.33414238700150367
2023-01-09,0.42035,0.3517365174034661,0.33414238700150367
2023-01-10,0.407675,0.3410232485976291,0.33414238700150367
2023-01-11,0.40445,0.35341619399342544,0.33414238700150367
2023-01-12,0.38095,0.3441284582989281,0.33414238700150367
2023-01-13,0.37015,0.343281525553121,0.33414238700150367
2023-01-17,0.37929999999999997,0.33581273059322286,0.33414238700150367
2023-01-18,0.38205,0.3340635118771331,0.33414238700150367
2023-01-19,0.37305,0.32938838401745724,0.33414238700150367
2023-01-20,0.361625,0.32364455491109856,0.33414238700150367
2023-01-23,0.352025,0.3137968114647814,0.33414238700150367
2023-01-24,0.357925,0.31224071379025914,0.33414238700150367
2023-01-25,0.3544,0.3031524889607825,0.33414238700150367
2023-01-26,0.3499,0.2948230686116579,0.33414238700150367
2023-01-27,0.355275,0.2966095591072738,0.33414238700150367
2023-01-30,0.373975,0.2982613710947544,0.33414238700150367
2023-01-31,0.354925,0.2973034745965699,0.33414238700150367
2023-02-01,0.35005,0.3090706273398659,0.33414238700150367
2023-02-02,0.357425,0.3031460618229328,0.37335256997094174
2023-02-03,0.367975,0.3209201788805974,0.37335256997094174
2023-02-06,0.370525,0.31803691186551486,0.37335256997094174
2023-02-07,0.3457,0.335376131383595,0.37335256997094174
2023-02-08,0.348,0.32936062651376335,0.37335256997094174
2023-02-09,0.338225,0.32224508117894335,0.37335256997094174
2023-02-10,0.339275,0.3312488880963704,0.37335256997094174
2023-02-13,0.362625,0.3218206648555412,0.37335256997094174
2023-02-14,0.354075,0.31206694111257555,0.37335256997094174
2023-02-15,0.345375,0.30331244417499287,0.37335256997094174
2023-02-16,0.344425,0.29583497826125393,0.37335256997094174
2023-02-17,0.3442,0.29834002102199414,0.37335256997094174
2023-02-21,0.363875,0.2898874902230862,0.37335256997094174
2023-02-22,0.370275,0.29988841959254303,0.37335256997094174
2023-02-23,0.3513,0.30334096536633764,0.37335256997094174
2023-02-24,0.35805000000000003,0.2970766806859549,0.37335256997094174
2023-02-27,0.362875,0.2922613182540967,0.37335256997094174
2023-02-28,0.34485,0.28882714562107853,0.37335256997094174
2023-03-01,0.34572499999999995,0.28435918389862697,0.37335256997094174
2023-03-02,0.3358,0.2760082919048717,0.37335256997094174
2023-03-03,0.32442499999999996,0.28164009447240684,0.37335256997094174
2023-03-06,0.3119,0.2752826000720314,0.3351150800350401
2023-03-07,0.32505,0.3053922770811866,0.3351150800350401
2023-03-08,0.322525,0.2992267784552347,0.3351150800350401
2023-03-09,0.337725,0.29441535698363613,0.3351150800350401
2023-03-10,0.353675,0.290229829528508,0.3351150800350401
2023-03-13,0.37825,0.3025014197844975,0.3351150800350401
2023-03-14,0.43395000000000006,0.32532118392401516,0.3351150800350401
2023-03-15,0.47562499999999996,0.3652071838537606,0.3351150800350401
2023-03-16,0.46205,0.35408683328260554,0.3351150800350401
2023-03-17,0.49135,0.3551728272202784,0.3351150800350401
2023-03-20,0.47502500000000003,0.3522548251870927,0.3351150800350401
2023-03-21,0.45285,0.35383922052112377,0.3351150800350401
2023-03-22,0.43937499999999996,0.3439023512107374,0.3351150800350401
2023-03-23,0.44335,0.33573717828693184,0.3351150800350401
2023-03-24,0.4417,0.32551489334906886,0.3351150800350401
2023-03-27,0.414275,0.3727452215342874,0.3351150800350401
2023-03-28,0.40135,0.36219729647730275,0.3351150800350401
2023-03-29,0.3982,0.3519941620117583,0.3351150800350401
2023-03-30,0.37795,0.3484325414272558,0.3351150800350401
2023-03-31,0.364325,0.34422539769938887,0.3351150800350401
2023-04-03,0.365825,0.39859172799181825,0.3351150800350401
2023-04-04,0.36660000000000004,0.3864490182237411,0.343039123108028
2023-04-05,0.36025,0.37467990349687325,0.343039123108028
2023-04-06,0.33282500000000004,0.36326733103290665,0.343039123108028
2023-04-10,0.32815,0.3532938993735888,0.343039123108028
2023-04-11,0.31435,0.3500871984132762,0.343039123108028
2023-04-12,0.3164,0.3473327434472114,0.343039123108028
2023-04-13,0.30579999999999996,0.3384606079597171,0.343039123108028
2023-04-14,0.29922499999999996,0.32852384337359425,0.343039123108028
2023-04-17,0.310325,0.32569657214425296,0.343039123108028
2023-04-18,0.311,0.31583235315237884,0.343039123108028
2023-04-19,0.32245,0.3163428252097914,0.343039123108028
2023-04-20,0.333975,0.32155175645498063,0.343039123108028
2023-04-21,0.3254,0.3137067926559658,0.343039123108028
2023-04-24,0.31765,0.3097892131053041,0.343039123108028
2023-04-25,0.339075,0.3143082856973069,0.343039123108028
2023-04-26,0.36872499999999997,0.33216591726373174,0.343039123108028
2023-04-27,0.35192500000000004,0.3231500679652673,0.343039123108028
2023-04-28,0.33055,0.3284528943656319,0.343039123108028
2023-05-01,0.33644999999999997,0.3231812041784948,0.343039123108028
2023-05-02,0.36485,0.3772411256711667,0.343039123108028
2023-05-03,0.402525,0.4044992616597422,0.343039123108028
2023-05-04,0.41007499999999997,0.3929766897122922,0.3392603375300575
2023-05-05,0.35095,0.4081877726529455,0.3392603375300575
2023-05-08,0.33487500000000003,0.40282474757837317,0.3392603375300575
2023-05-09,0.3297,0.39227715743772396,0.3392603375300575
2023-05-10,0.321025,0.38142167431108875,0.3392603375300575
2023-05-11,0.33475,0.3762688553827079,0.3392603375300575
2023-05-12,0.34662499999999996,0.37208329016631214,0.3392603375300575
2023-05-15,0.34262499999999996,0.36525657963038394,0.3392603375300575
2023-05-16,0.34375,0.3552250688220881,0.3392603375300575
2023-05-17,0.34205,0.3667342723402692,0.3392603375300575
2023-05-18,0.338275,0.3571701756799927,0.3392603375300575
2023-05-19,0.33482500000000004,0.346393882493879,0.3392603375300575
2023-05-22,0.3306,0.3358418805902412,0.3392603375300575
2023-05-23,0.327975,0.3307316453060037,0.3392603375300575
2023-05-24,0.32789999999999997,0.3240923248539753,0.3392603375300575
2023-05-25,0.343375,0.3280087013842438,0.3392603375300575
2023-05-26,0.336875,0.32088875150834123,0.3392603375300575
2023-05-30,0.37195,0.3466938645760556,0.3392603375300575
2023-05-31,0.39370000000000005,0.35234624374630097,0.3392603375300575
2023-06-01,0.37982499999999997,0.36248472205577653,0.3392603375300575
2023-06-02,0.385475,0.3649073942069967,0.3392603375300575
2023-06-05,0.35065,0.3538657500520615,0.33575631133395684
2023-06-06,0.33882500000000004,0.34339617890866575,0.33575631133395684
2023-06-07,0.32472500000000004,0.33755877206877205,0.33575631133395684
2023-06-08,0.32582500000000003,0.3359494989925655,0.33575631133395684
2023-06-09,0.31775,0.3273436357364287,0.33575631133395684
2023-06-12,0.35662499999999997,0.35997386908350415,0.33575631133395684
2023-06-13,0.30289999999999995,0.36930564979335007,0.33575631133395684
2023-06-14,0.32985,0.35858283246313855,0.33575631133395684
2023-06-15,0.326,0.36123903021126424,0.33575631133395684
2023-06-16,0.314625,0.3548776259718221,0.33575631133395684
2023-06-20,0.321875,0.34505291967111823,0.33575631133395684
2023-06-21,0.3133,0.34129147643749586,0.33575631133395684
2023-06-22,0.3295,0.3648302714316053,0.33575631133395684
2023-06-23,0.327325,0.3537708350583999,0.33575631133395684
2023-06-26,0.33835,0.34353407703612354,0.33575631133395684
2023-06-27,0.353125,0.3449274699373318,0.33575631133395684
2023-06-28,0.33644999999999997,0.343086508801353,0.33575631133395684
2023-06-29,0.320775,0.33375066541759724,0.33575631133395684
2023-06-30,0.308075,0.32560955199288644,0.33575631133395684
2023-07-03,0.315925,0.3158423189586515,0.33575631133395684
2023-07-05,0.31762500000000005,0.31534976784632124,0.33575631133395684
2023-07-06,0.31174999999999997,0.30595719825202056,0.3372760553437834
2023-07-07,0.2946,0.3083454956079581,0.3372760553437834
2023-07-10,0.304775,0.2995146139679504,0.3372760553437834
2023-07-11,0.300225,0.30326080375366,0.3372760553437834
2023-07-12,0.28615,0.29798350338362783,0.3372760553437834
2023-07-13,0.28815,0.2970954340155823,0.3372760553437834
2023-07-14,0.28500000000000003,0.30245963712031565,0.3372760553437834
2023-07-17,0.297175,0.2977565924018177,0.3372760553437834
2023-07-18,0.29255,0.2995045430925633,0.3372760553437834
2023-07-19,0.291175,0.2907927110562936,0.3372760553437834
2023-07-20,0.286875,0.2826874285937159,0.3372760553437834
2023-07-21,0.280125,0.2792187917154135,0.3372760553437834
2023-07-24,0.28585,0.28678363198221235,0.3372760553437834
2023-07-25,0.28604999999999997,0.2792384928513489,0.3372760553437834
2023-07-26,0.278625,0.2721166107352426,0.3372760553437834
2023-07-27,0.277175,0.2671717288043268,0.3372760553437834
2023-07-28,0.26432500000000003,0.26148980722653,0.3372760553437834
2023-07-31,0.271225,0.2600339683901025,0.3372760553437834
2023-08-01,0.26639999999999997,0.25235987724177855,0.3372760553437834
2023-08-02,0.279075,0.25732202527881265,0.3372760553437834
2023-08-03,0.271775,0.2649732992999004,0.3372760553437834
2023-08-04,0.261125,0.2591946143645582,0.30163290220719985
2023-08-07,0.25022500000000003,0.25130347272371273,0.30163290220719985
2023-08-08,0.24937499999999999,0.24397444418245173,0.30163290220719985
2023-08-09,0.257725,0.24267754642420256,0.30163290220719985
2023-08-10,0.258,0.23990966155728555,0.30163290220719985
2023-08-11,0.253,0.23261579488337586,0.30163290220719985
2023-08-14,0.25792499999999996,0.2267104500061968,0.30163290220719985
2023-08-15,0.26265,0.2287100596811566,0.30163290220719985
2023-08-16,0.27295,0.23179289811419573,0.30163290220719985
2023-08-17,0.27315,0.22715510154780535,0.30163290220719985
2023-08-18,0.261975,0.22449239651485245,0.30163290220719985
2023-08-21,0.27135,0.21794319935329423,0.30163290220719985
2023-08-22,0.271525,0.2119166747728857,0.30163290220719985
2023-08-23,0.27097499999999997,0.21141258411358818,0.30163290220719985
2023-08-24,0.271725,0.20499019909719976,0.30163290220719985
2023-08-25,0.21785,0.20654452946424137,0.30163290220719985
2023-08-28,0.27135,0.20026386472368463,0.30163290220719985
2023-08-29,0.261075,0.20014401510574395,0.30163290220719985
2023-08-30,0.20082499999999998,0.19487894595671695,0.30163290220719985
2023-08-31,0.2455,0.20263023358166538,0.30163290220719985
2023-09-01,0.2531,0.2183003729804785,0.30163290220719985
2023-09-05,0.262775,0.2158226204208206,0.2559932510418866
2023-09-06,0.2641,0.21263813950268898,0.2559932510418866
2023-09-07,0.259175,0.20809778252030567,0.2559932510418866
2023-09-08,0.25755,0.20250894135220063,0.2559932510418866
2023-09-11,0.24715,0.19637044745236482,0.2559932510418866
2023-09-12,0.2468,0.20131957880102447,0.2559932510418866
2023-09-13,0.24964999999999998,0.19518901302751365,0.2559932510418866
2023-09-14,0.2444,0.2016515342619212,0.2559932510418866
2023-09-15,0.25617500000000004,0.1956778112756538,0.2559932510418866
2023-09-18,0.26282500000000003,0.18987068782305377,0.2559932510418866
2023-09-19,0.271475,0.1841019275964433,0.2559932510418866
2023-09-20,0.27365000000000006,0.19010936556438857,0.2559932510418866
2023-09-21,0.285925,0.18478129022505294,0.2559932510418866
2023-09-22,0.272725,0.17946685133547652,0.2559932510418866
2023-09-25,0.278325,0.17438523823647006,0.2559932510418866
2023-09-26,0.289625,0.17071596157805474,0.2559932510418866
2023-09-27,0.3002,0.19130170244527028,0.2559932510418866
2023-09-28,0.29764999999999997,0.19584608629105435,0.2559932510418866
2023-09-29,0.29465,0.19289876140924303,0.2559932510418866
2023-10-02,0.30262500000000003,0.20016700972114798,0.2559932510418866
2023-10-03,0.3062,0.19585102866815754,0.2559932510418866
2023-10-04,0.33215,0.2884101269098023,0.19362607032215065
2023-10-05,0.349625,0.2917363239967852,0.19362607032215065
2023-10-06,0.3336,0.282989599229044,0.19362607032215065
2023-10-09,0.36060000000000003,0.31399374998431706,0.19362607032215065
2023-10-10,0.36422499999999997,0.3051677247379064,0.19362607032215065
2023-10-11,0.362675,0.3005944422531938,0.19362607032215065
2023-10-12,0.3641,0.2917210699466806,0.19362607032215065
2023-10-13,0.415375,0.3351656559385623,0.19362607032215065
2023-10-16,0.37805,0.32630494588432035,0.19362607032215065
2023-10-17,0.3802,0.31701401617429226,0.19362607032215065
2023-10-18,0.39355,0.3115563636028672,0.19362607032215065
2023-10-19,0.411225,0.3147898538596107,0.19362607032215065
2023-10-20,0.396825,0.30878806184949065,0.19362607032215065
2023-10-23,0.37655,0.31210468749369197,0.19362607032215065
2023-10-24,0.37217500000000003,0.31801733760511913,0.19362607032215065
2023-10-25,0.40907499999999997,0.3176959092010951,0.19362607032215065
2023-10-26,0.38870000000000005,0.3178874422773497,0.19362607032215065
2023-10-27,0.41664999999999996,0.3168783688847823,0.19362607032215065
2023-10-30,0.3918,0.3285194617321003,0.19362607032215065
2023-10-31,0.3712,0.32289482473258074,0.19362607032215065
2023-11-01,0.3567,0.31337192233647504,0.19362607032215065
2023-11-02,0.3646,0.3126328994939088,0.31314891209212753
2023-11-03,0.34804999999999997,0.3107497110677666,0.31314891209212753
2023-11-06,0.339,0.301299133411057,0.31314891209212753
2023-11-07,0.3587,0.33544026150958106,0.31314891209212753
2023-11-08,0.383325,0.33696509907581157,0.31314891209212753
2023-11-09,0.37965,0.32671667908254914,0.31314891209212753
2023-11-10,0.36115,0.3277942968327541,0.31314891209212753
2023-11-13,0.3527,0.32355855845436643,0.31314891209212753
2023-11-14,0.3477,0.3139420823967712,0.31314891209212753
2023-11-15,0.36245,0.3129852637198566,0.31314891209212753
2023-11-16,0.397525,0.3546657000949615,0.31314891209212753
2023-11-17,0.3762,0.37567508138931033,0.31314891209212753
2023-11-20,0.355325,0.37385169337020546,0.31314891209212753
2023-11-21,0.36164999999999997,0.3626730095570685,0.31314891209212753
2023-11-22,0.372175,0.3551108975248052,0.31314891209212753
2023-11-24,0.4012,0.34698444572122655,0.31314891209212753
2023-11-27,0.398075,0.33975188662659683,0.31314891209212753
2023-11-28,0.37945,0.33709182334314275,0.31314891209212753
2023-11-29,0.39044999999999996,0.33385320513009176,0.31314891209212753
2023-11-30,0.354475,0.34872137662035974,0.31314891209212753
2023-12-01,0.342775,0.34180694404521667,0.31314891209212753
2023-12-04,0.35735,0.3342349171211873,0.3309784938744412
2023-12-05,0.3438,0.3280220361894583,0.3309784938744412
2023-12-06,0.361,0.358625967942013,0.3309784938744412
2023-12-07,0.35965,0.3483318827596807,0.3309784938744412
2023-12-08,0.343425,0.34798412086123354,0.3309784938744412
2023-12-11,0.33925,0.33775048534100205,0.3309784938744412
2023-12-12,0.36515,0.36074330452246484,0.3309784938744412
2023-12-13,0.35462499999999997,0.35570926193118435,0.3309784938744412
2023-12-14,0.33667499999999995,0.36121636138467456,0.3309784938744412
2023-12-15,0.316025,0.35021273451770274,0.3309784938744412
2023-12-18,0.34775,0.3438196633526118,0.3309784938744412
2023-12-19,0.32737499999999997,0.3410027351800369,0.3309784938744412
2023-12-20,0.32135,0.33216785554106304,0.3309784938744412
2023-12-21,0.31570000000000004,0.3223333057263778,0.3309784938744412
2023-12-22,0.307475,0.31310294325216587,0.3309784938744412
2023-12-26,0.31205,0.3152691288332512,0.3309784938744412
2023-12-27,0.31662500000000005,0.3140550924949416,0.3309784938744412
2023-12-28,0.339775,0.32031115713882036,0.3309784938744412
2023-12-29,0.33305,0.3120766493389661,0.3309784938744412
2024-01-02,0.372575,0.3069517542554314,0.3309784938744412
2024-01-03,0.37485,0.32910183256704767,0.3309784938744412
2024-01-04,0.35919999999999996,0.32104664602083294,0.32058328475296877
2024-01-05,0.3407,0.32217422703596577,0.32058328475296877
2024-01-08,0.35455000000000003,0.34696185155997256,0.32058328475296877
2024-01-09,0.34795,0.3412788783245545,0.32058328475296877
2024-01-10,0.351775,0.3343727926826069,0.32058328475296877
2024-01-11,0.3509,0.33028217435529683,0.32058328475296877
2024-01-12,0.364,0.32092205779641225,0.32058328475296877
2024-01-16,0.35985,0.3142789437144433,0.32058328475296877
2024-01-17,0.34807499999999997,0.30727921396824953,0.32058328475296877
2024-01-18,0.33330000000000004,0.3046269212878108,0.32058328475296877
2024-01-19,0.32785000000000003,0.29565681574608144,0.32058328475296877
2024-01-22,0.332225,0.2907822809866616,0.32058328475296877
2024-01-23,0.32245,0.28192885264028555,0.32058328475296877
2024-01-24,0.3159,0.27766467589726573,0.32058328475296877
2024-01-25,0.31222500000000003,0.2845119483579781,0.32058328475296877
2024-01-26,0.3215,0.27974574343099845,0.32058328475296877
2024-01-29,0.334975,0.2769967574157956,0.32058328475296877
2024-01-30,0.32304999999999995,0.27164006524802786,0.32058328475296877
2024-01-31,0.33355,0.2825243993675507,0.32058328475296877
2024-02-01,0.3252,0.29256525765034996,0.32058328475296877
2024-02-02,0.323125,0.2972366528317271,0.32058328475296877
2024-02-05,0.32304999999999995,0.29072881717640947,0.3022394496344288
2024-02-06,0.297675,0.2841320112813653,0.3022394496344288
2024-02-07,0.283725,0.27760573184437803,0.3022394496344288
2024-02-08,0.28975,0.2930360413172043,0.3022394496344288
2024-02-09,0.29400000000000004,0.28422576207358485,0.3022394496344288
2024-02-12,0.296925,0.27659288915668356,0.3022394496344288
2024-02-13,0.2931,0.26973136568543105,0.3022394496344288
2024-02-14,0.2969,0.26815896293953395,0.3022394496344288
2024-02-15,0.287275,0.2691140529375851,0.3022394496344288
2024-02-16,0.279375,0.262670386568819,0.3022394496344288
2024-02-20,0.35162499999999997,0.2600834556496116,0.3022394496344288
2024-02-21,0.291325,0.25557791453714684,0.3022394496344288
2024-02-22,0.260375,0.24869640697063228,0.3022394496344288
2024-02-23,0.297175,0.25729467878337686,0.3022394496344288
2024-02-26,0.29125,0.25380028884922534,0.3022394496344288
2024-02-27,0.2844,0.25240850008295573,0.3022394496344288
2024-02-28,0.2884,0.24501951791808343,0.3022394496344288
2024-02-29,0.28700000000000003,0.2379532377715542,0.3022394496344288
2024-03-01,0.29257500000000003,0.24548530359032916,0.3022394496344288
2024-03-04,0.274825,0.24311910907889103,0.3022394496344288
2024-03-05,0.260925,0.23755576671355444,0.3022394496344288
2024-03-06,0.27395,0.2350322302753984,0.2561081400135574
2024-03-07,0.27340000000000003,0.22794493687258435,0.2561081400135574
2024-03-08,0.273775,0.2257054347639923,0.2561081400135574
2024-03-11,0.278625,0.21926153274089605,0.2561081400135574
2024-03-12,0.33242499999999997,0.2130614965339036,0.2561081400135574
2024-03-13,0.27197499999999997,0.22579280643848,0.2561081400135574
2024-03-14,0.268775,0.2275679608557057,0.2561081400135574
2024-03-15,0.261125,0.22064061898571405,0.2561081400135574
2024-03-18,0.27044999999999997,0.22951440579236088,0.2561081400135574
2024-03-19,0.2629,0.22364452374050833,0.2561081400135574
2024-03-20,0.25880000000000003,0.22470121583379024,0.2561081400135574
2024-03-21,0.247475,0.21893446516075224,0.2561081400135574
2024-03-22,0.239,0.21238331311013625,0.2561081400135574
2024-03-25,0.246725,0.2129741055874367,0.2561081400135574
2024-03-26,0.241925,0.20782739238009726,0.2561081400135574
2024-03-27,0.235425,0.20179902826082036,0.2561081400135574
2024-03-28,0.233825,0.20485910723658482,0.2561081400135574
2024-04-01,0.24372500000000002,0.203909681972101,0.2561081400135574
2024-04-02,0.25450000000000006,0.20501477402799084,0.2561081400135574
2024-04-03,0.22294999999999998,0.1999914845051242,0.2561081400135574
2024-04-04,0.29357500000000003,0.19987526550164889,0.2561081400135574
2024-04-05,0.29355000000000003,0.19388349139169866,0.22479823211274372
2024-04-08,0.2777,0.1882143770754699,0.22479823211274372
2024-04-09,0.2625,0.18920401695405456,0.22479823211274372
2024-04-10,0.27525,0.1888273714547116,0.22479823211274372
2024-04-11,0.277175,0.1848649029636778,0.22479823211274372
2024-04-12,0.2808,0.17923571086317538,0.22479823211274372
2024-04-15,0.311175,0.17386955062737275,0.22479823211274372
2024-04-16,0.297025,0.16926292602382695,0.22479823211274372
2024-04-17,0.290525,0.20181023427284725,0.22479823211274372
2024-04-18,0.276275,0.19576729301190252,0.22479823211274372
2024-04-19,0.277475,0.18983484928631794,0.22479823211274372
2024-04-22,0.260675,0.18408411331369406,0.22479823211274372
2024-04-23,0.2589,0.18790749089795253,0.22479823211274372
2024-04-24,0.25692499999999996,0.18293463133678908,0.22479823211274372
2024-04-25,0.249475,0.18157006599430497,0.22479823211274372
2024-04-26,0.24580000000000002,0.17605531227383117,0.22479823211274372
2024-04-29,0.2488,0.17609569927388757,0.22479823211274372
2024-04-30,0.24535,0.17942368257922103,0.22479823211274372
2024-05-01,0.26005,0.213330366615135,0.22479823211274372
2024-05-02,0.254725,0.20683146424308613,0.22479823211274372
2024-05-03,0.2545,0.20471637087846922,0.22479823211274372
2024-05-06,0.26185,0.20035328650027465,0.2315376439966809
2024-05-07,0.25715,0.1944240566714886,0.2315376439966809
2024-05-08,0.2512,0.19108049636184457,0.2315376439966809
2024-05-09,0.24655,0.18643354805989945,0.2315376439966809
2024-05-10,0.245925,0.19125286763940588,0.2315376439966809
2024-05-13,0.247925,0.19026295226400827,0.2315376439966809
2024-05-14,0.25605,0.19042861974739236,0.2315376439966809
2024-05-15,0.2462,0.1878206251248639,0.2315376439966809
2024-05-16,0.24585,0.18307853021326836,0.2315376439966809
2024-05-17,0.2329,0.18122419551711788,0.2315376439966809
2024-05-20,0.240325,0.17612251677434124,0.2315376439966809
2024-05-21,0.23697500000000002,0.1732011179086693,0.2315376439966809
2024-05-22,0.24245,0.18058577304843343,0.2315376439966809
2024-05-23,0.2504,0.17644557902294583,0.2315376439966809
2024-05-24,0.2398,0.17733643185756698,0.2315376439966809
2024-05-28,0.24307499999999999,0.20820200301894728,0.2315376439966809
2024-05-29,0.24955,0.20920833063009103,0.2315376439966809
2024-05-30,0.2615,0.2096896268698223,0.2315376439966809
2024-05-31,0.271875,0.20659209743909143,0.2315376439966809
2024-06-03,0.273625,0.25547579058204617,0.2315376439966809
2024-06-04,0.273625,0.2509446795360045,0.2315376439966809
2024-06-05,0.260825,0.24716041862394378,0.26803774245601747
2024-06-06,0.24465,0.25062160248344356,0.26803774245601747
2024-06-07,0.23772500000000002,0.2433214343210834,0.26803774245601747
2024-06-10,0.23165,0.2683068195125084,0.26803774245601747
2024-06-11,0.2308,0.2601458636177472,0.26803774245601747
2024-06-12,0.22265,0.2533722126151471,0.26803774245601747
2024-06-13,0.22207500000000002,0.2459613138323805,0.26803774245601747
2024-06-14,0.220525,0.23910348856118252,0.26803774245601747
2024-06-17,0.224425,0.24740744355197333,0.26803774245601747
2024-06-18,0.21657500000000002,0.2438259653814735,0.26803774245601747
2024-06-20,0.22010000000000002,0.23918481672370093,0.26803774245601747
2024-06-21,0.21675,0.23489384474402364,0.26803774245601747
2024-06-24,0.2262,0.23350355245518484,0.26803774245601747
2024-06-25,0.2284,0.229763600151892,0.26803774245601747
2024-06-26,0.232825,0.22288693562580414,0.26803774245601747
2024-06-27,0.23654999999999998,0.22357651923008462,0.26803774245601747
2024-06-28,0.23904999999999998,0.2173617547505072,0.26803774245601747
2024-07-01,0.2483,0.23080311261176253,0.26803774245601747
2024-07-02,0.23060000000000003,0.22471444600249196,0.26803774245601747
2024-07-03,0.21805000000000002,0.21800345738181476,0.26803774245601747
2024-07-05,0.21105,0.21137085410761644,0.26803774245601747
2024-07-08,0.21842499999999998,0.2093526504901442,0.22661425335025628
2024-07-09,0.215175,0.20541329340273293,0.22661425335025628
2024-07-10,0.21155000000000002,0.20211428117766447,0.22661425335025628
2024-07-11,0.2089,0.1972062949943709,0.22661425335025628
2024-07-12,0.21000000000000002,0.1940751319328474,0.22661425335025628
2024-07-15,0.2161,0.18826839796348496,0.22661425335025628
2024-07-16,0.218275,0.18973743399868367,0.22661425335025628
2024-07-17,0.2213,0.19903037519229744,0.22661425335025628
2024-07-18,0.22317499999999998,0.1960946687593269,0.22661425335025628
2024-07-19,0.238975,0.21190508428339075,0.22661425335025628
2024-07-22,0.23635,0.20632537148752314,0.22661425335025628
2024-07-23,0.24100000000000002,0.206296552715523,0.22661425335025628
2024-07-24,0.23717500000000002,0.20024364755553728,0.22661425335025628
2024-07-25,0.243475,0.1968892116273547,0.22661425335025628
2024-07-26,0.2617,0.20276449960610338,0.22661425335025628
2024-07-29,0.2685,0.20219516665007092,0.22661425335025628
2024-07-30,0.275925,0.19967242796407106,0.22661425335025628
2024-07-31,0.31220000000000003,0.2560746732111761,0.22661425335025628
2024-08-01,0.303475,0.25884311772089585,0.22661425335025628
2024-08-02,0.3426,0.292725638123806,0.22661425335025628
2024-08-05,0.380625,0.28395126085127165,0.22661425335025628
2024-08-06,0.352575,0.27835322833306203,0.2947230928315909
2024-08-07,0.33575,0.2947042109134194,0.2947230928315909
2024-08-08,0.308675,0.2878287560610355,0.2947230928315909
2024-08-09,0.29455,0.2825270374727162,0.2947230928315909
2024-08-12,0.30895,0.2994730758151406,0.2947230928315909
2024-08-13,0.292475,0.29450039485481827,0.2947230928315909
2024-08-14,0.282,0.2903961622735558,0.2947230928315909
2024-08-15,0.280725,0.2845784719374784,0.2947230928315909
2024-08-16,0.27545,0.2813652995900408,0.2947230928315909
2024-08-19,0.28552500000000003,0.29058621066983237,0.2947230928315909
2024-08-20,0.287075,0.28320807223418476,0.2947230928315909
2024-08-21,0.289225,0.2822445565926467,0.2947230928315909
2024-08-22,0.27837500000000004,0.27856883021548157,0.2947230928315909
2024-08-23,0.26495,0.2889631728894505,0.2947230928315909
2024-08-26,0.26725,0.3030774381742213,0.2947230928315909
2024-08-27,0.27342500000000003,0.3015044508403315,0.2947230928315909
2024-08-28,0.286025,0.29685369423561714,0.2947230928315909
2024-08-29,0.2817,0.2952572852488196,0.2947230928315909
2024-08-30,0.29957500000000004,0.3123923680468158,0.2947230928315909
2024-09-03,0.32155,0.34921072715023643,0.2947230928315909
2024-09-04,0.354825,0.3483153748367312,0.2947230928315909
2024-09-05,0.3325,0.33806484922664826,0.3501566784270573
2024-09-06,0.343675,0.33214907715578046,0.3501566784270573
2024-09-09,0.3348,0.3225983438009627,0.3501566784270573
2024-09-10,0.368275,0.3394384620057122,0.3501566784270573
2024-09-11,0.356475,0.33307874609715526,0.3501566784270573
2024-09-12,0.326625,0.3428604233660752,0.3501566784270573
2024-09-13,0.322125,0.3324271617119982,0.3501566784270573
2024-09-16,0.32177500000000003,0.3273849599434902,0.3501566784270573
2024-09-17,0.3143,0.3207003488091296,0.3501566784270573
2024-09-18,0.320275,0.3162753245500702,0.3501566784270573
2024-09-19,0.29805000000000004,0.32691808086665947,0.3501566784270573
2024-09-20,0.28835,0.3170887507259499,0.3501566784270573
2024-09-23,0.29757500000000003,0.3095171235627208,0.3501566784270573
2024-09-24,0.297675,0.305190371661859,0.3501566784270573
2024-09-25,0.3146,0.31146042356964837,0.3501566784270573
2024-09-26,0.35750000000000004,0.33148987385438294,0.3501566784270573
2024-09-27,0.35024999999999995,0.3290020276880536,0.3501566784270573
2024-09-30,0.34635,0.3195696666156473,0.3501566784270573
2024-10-01,0.383575,0.33223325301645396,0.3501566784270573
2024-10-02,0.431725,0.323996527797786,0.3501566784270573
2024-10-03,0.5095500000000001,0.3505382125422045,0.3501566784270573
2024-10-04,0.4427,0.3413350608283996,0.32510993388306736
2024-10-07,0.47357499999999997,0.3603146542492021,0.32510993388306736
2024-10-08,0.51745,0.3890020560988786,0.32510993388306736
2024-10-09,0.4522,0.37817497812195455,0.32510993388306736
2024-10-10,0.5016499999999999,0.3883826001906506,0.32510993388306736
2024-10-11,0.5486249999999999,0.37681200069376763,0.32510993388306736
2024-10-14,0.47075,0.3737935280559566,0.32510993388306736
2024-10-15,0.43129999999999996,0.3985425128664615,0.32510993388306736
2024-10-16,0.41547500000000004,0.3868823475146676,0.32510993388306736
2024-10-17,0.41559999999999997,0.37528184320329705,0.32510993388306736
2024-10-18,0.411075,0.36996102835672334,0.32510993388306736
2024-10-21,0.43067500000000003,0.3618410590936453,0.32510993388306736
2024-10-22,0.433525,0.3625470206214975,0.32510993388306736
2024-10-23,0.431175,0.3522324762647183,0.32510993388306736
2024-10-24,0.416925,0.3424897652210584,0.32510993388306736
2024-10-25,0.43945,0.33775389992062504,0.32510993388306736
2024-10-28,0.32775,0.38598637126890556,0.32510993388306736
2024-10-29,0.32855,0.3766610636962055,0.32510993388306736
2024-10-30,0.34985,0.37702940466389046,0.32510993388306736
2024-10-31,0.399075,0.37709294493970386,0.32510993388306736
2024-11-01,0.331975,0.36999314232041497,0.32510993388306736
2024-11-04,0.410575,0.37847328553963977,0.3498806890343351
2024-11-05,0.41512499999999997,0.36766122060254325,0.3498806890343351
2024-11-06,0.405675,0.35659819837460643,0.3498806890343351
2024-11-07,0.3779,0.3457913561662675,0.3498806890343351
2024-11-08,0.34075,0.3447894409244489,0.3498806890343351
2024-11-11,0.270475,0.35457603006078176,0.3498806890343351
2024-11-12,0.21662499999999998,0.3440481875767841,0.3498806890343351
2024-11-13,0.25085,0.3335743463539098,0.3498806890343351
2024-11-14,0.28625,0.3248628819744218,0.3498806890343351
2024-11-15,0.208375,0.32621291449500905,0.3498806890343351
2024-11-18,0.31485,0.34090741406812763,0.3498806890343351
2024-11-19,0.324425,0.33077471216406085,0.3498806890343351
2024-11-20,0.3174,0.3210784444929461,0.3498806890343351
2024-11-21,0.3117,0.31764646769246957,0.3498806890343351
2024-11-22,0.3132,0.3129094660927057,0.3498806890343351
2024-11-25,0.268225,0.32417936271061637,0.3498806890343351
2024-11-26,0.28305,0.315420116565197,0.3498806890343351
2024-11-27,0.298825,0.30586938606781433,0.3498806890343351
2024-11-29,0.2389,0.296611427374319,0.3498806890343351
2024-12-02,0.31432499999999997,0.28924953723021196,0.3498806890343351
2024-12-03,0.3551,0.30050056378224044,0.3498806890343351
2024-12-04,0.302375,0.29792232830707854,0.2845759892964965
2024-12-05,0.2704,0.2897015734190498,0.2845759892964965
2024-12-06,0.2566,0.2888736776710519,0.2845759892964965
2024-12-09,0.24497499999999997,0.284705241749031,0.2845759892964965
2024-12-10,0.2643,0.27631694266033335,0.2845759892964965
2024-12-11,0.25382499999999997,0.2872738008071554,0.2845759892964965
2024-12-12,0.272,0.2785950808686264,0.2845759892964965
2024-12-13,0.27405,0.2752113734494446,0.2845759892964965
2024-12-16,0.267675,0.2681713527009846,0.2845759892964965
2024-12-17,0.265975,0.2608615294873926,0.2845759892964965
2024-12-18,0.260325,0.2536381745924487,0.2845759892964965
2024-12-19,0.255575,0.2465426562218007,0.2845759892964965
2024-12-20,0.25405,0.24045839762181703,0.2845759892964965
2024-12-23,0.30025,0.23314278089337,0.2845759892964965
2024-12-24,0.339775,0.22819369619732896,0.2845759892964965
2024-12-26,0.29525,0.22295089724512368,0.2845759892964965
2024-12-27,0.286625,0.21949034143877044,0.2845759892964965
2024-12-30,0.2727,0.2187695485194558,0.2845759892964965
2024-12-31,0.255975,0.21543891341803792,0.2845759892964965
2025-01-02,0.24062499999999998,0.22041602859768492,0.2845759892964965
2025-01-03,0.23835,0.21940912407495522,0.2845759892964965
2025-01-06,0.24685,0.21498114113124622,0.21894563066462955
2025-01-07,0.242325,0.21292678864160197,0.21894563066462955
2025-01-08,0.25205,0.2109774585675212,0.21894563066462955
2025-01-10,0.30157500000000004,0.26248037870925806,0.21894563066462955
2025-01-13,0.374575,0.2655683654515175,0.21894563066462955
2025-01-14,0.34425,0.25884553276569383,0.21894563066462955
2025-01-15,0.35225,0.2804073751788143,0.21894563066462955
2025-01-16,0.3255,0.27954790085771936,0.21894563066462955
2025-01-17,0.33847499999999997,0.27174970718955227,0.21894563066462955
2025-01-21,0.29517499999999997,0.2718603611227122,0.21894563066462955
2025-01-22,0.28305,0.265603606762938,0.21894563066462955
2025-01-23,0.28155,0.26428189310346106,0.21894563066462955
2025-01-24,0.25987499999999997,0.2569415633031144,0.21894563066462955
2025-01-27,0.282825,0.26240303438834495,0.21894563066462955
2025-01-28,0.280825,0.25855740363158797,0.21894563066462955
2025-01-29,0.289325,0.2563513463765173,0.21894563066462955
2025-01-30,0.259825,0.24854637846240882,0.21894563066462955
2025-01-31,0.26697499999999996,0.24135138591124836,0.21894563066462955
2025-02-03,0.29125,0.23421160221982348,0.21894563066462955
2025-02-04,0.29457500000000003,0.22760637940663941,0.21894563066462955
2025-02-05,0.28335,0.2320897946610871,0.21894563066462955
2025-02-06,0.27542500000000003,0.2274037954706769,0.24300760791837014
2025-02-07,0.27449999999999997,0.22148092882511541,0.24300760791837014
2025-02-10,0.251675,0.22851155349061011,0.24300760791837014
2025-02-11,0.202,0.2257732368775786,0.24300760791837014
2025-02-12,0.22999999999999998,0.23987357774445328,0.24300760791837014
2025-02-13,0.251875,0.23259338162971555,0.24300760791837014
2025-02-14,0.1877,0.22738043678455985,0.24300760791837014
2025-02-18,0.24470000000000003,0.22796321613518122,0.24300760791837014
2025-02-19,0.24485,0.22239210537701623,0.24300760791837014
2025-02-20,0.24775,0.2161759007573479,0.24300760791837014
2025-02-21,0.27895000000000003,0.24272402749073027,0.24300760791837014
2025-02-24,0.27002499999999996,0.23747712865332,0.24300760791837014
2025-02-25,0.286825,0.24920061185775846,0.24300760791837014
2025-02-26,0.28045,0.24205664755684653,0.24300760791837014
2025-02-27,0.274625,0.24624639725388653,0.24300760791837014
2025-02-28,0.26635,0.23876487070136312,0.24300760791837014
2025-03-03,0.29075,0.25196149627758974,0.24300760791837014
2025-03-04,0.29725,0.2442863098245832,0.24300760791837014
2025-03-05,0.279725,0.2577017954600345,0.24300760791837014
2025-03-06,0.3031,0.2503515734858733,0.24300760791837014
2025-03-07,0.285875,0.2482595324312164,0.24300760791837014
2025-03-10,0.30535,0.24938958677405376,0.25955042034384423
2025-03-11,0.292925,0.24372031274070347,0.25955042034384423
2025-03-12,0.271775,0.247251169146661,0.25955042034384423
2025-03-13,0.28127500000000005,0.2479978058003461,0.25955042034384423
2025-03-14,0.276825,0.24307410649162883,0.25955042034384423
2025-03-17,0.290425,0.23679500685664528,0.25955042034384423
2025-03-18,0.29305000000000003,0.23114390872543455,0.25955042034384423
2025-03-19,0.284075,0.22438663775260662,0.25955042034384423
2025-03-20,0.2676,0.22844643076528298,0.25955042034384423
2025-03-21,0.26062500000000005,0.2215096167672429,0.25955042034384423
2025-03-24,0.270475,0.2222018106068715,0.25955042034384423
2025-03-25,0.265775,0.21545519623213127,0.25955042034384423
2025-03-26,0.26102499999999995,0.2111877983800881,0.25955042034384423
2025-03-27,0.266725,0.2047775151957722,0.25955042034384423
2025-03-28,0.271825,0.2019117042712946,0.25955042034384423
2025-03-31,0.26955,0.23549621522781786,0.25955042034384423
2025-04-01,0.2733,0.22866897556756197,0.25955042034384423
2025-04-02,0.28369999999999995,0.22416793868746387,0.25955042034384423
2025-04-03,0.234425,0.35824017880526526,0.25955042034384423
2025-04-04,0.280275,0.4223577972068009,0.25955042034384423
2025-04-07,0.400625,0.42471207229268615,0.25955042034384423
2025-04-08,0.5267,0.441327110296244,0.466967386456299
2025-04-09,0.379175,0.49655131388781226,0.466967386456299
2025-04-10,0.46887500000000004,0.49926179498574164,0.466967386456299
2025-04-11,0.463525,0.4887053386171165,0.466967386456299
2025-04-14,0.38832500000000003,0.47396144381379657,0.466967386456299
2025-04-15,0.36787499999999995,0.4596429358664696,0.466967386456299
2025-04-16,0.369425,0.4516743032889544,0.466967386456299
2025-04-17,0.364775,0.4487559908588257,0.466967386456299
2025-04-21,0.374125,0.43777220950049206,0.466967386456299
2025-04-22,0.37007500000000004,0.4265354856194908,0.466967386456299
2025-04-23,0.391175,0.42023474502482583,0.466967386456299
2025-04-24,0.383975,0.4081016783275985,0.466967386456299
2025-04-25,0.3786,0.39698068022285155,0.466967386456299
2025-04-28,0.3891,0.3916013459298104,0.466967386456299
2025-04-29,0.432025,0.3956155867455869,0.466967386456299
2025-04-30,0.4992,0.40750890865435835,0.466967386456299
2025-05-01,0.482525,0.39937147962786074,0.466967386456299
2025-05-02,0.481325,0.38843270559147514,0.466967386456299
2025-05-05,0.386175,0.3898882969860056,0.466967386456299
2025-05-06,0.38025,0.4019352934488579,0.466967386456299
2025-05-07,0.39032500000000003,0.3952686479709263,0.466967386456299
2025-05-08,0.3892,0.40337848812037014,0.34570315924052913
2025-05-09,0.35960000000000003,0.39557691188153643,0.34570315924052913
2025-05-12,0.34895,0.3877927665998233,0.34570315924052913
2025-05-13,0.335625,0.3925397657048827,0.34570315924052913
2025-05-14,0.33775,0.38364078084239495,0.34570315924052913
2025-05-15,0.35019999999999996,0.37759669032951254,0.34570315924052913
2025-05-16,0.34914999999999996,0.3672586330343581,0.34570315924052913
2025-05-19,0.331575,0.35683461752686996,0.34570315924052913
2025-05-20,0.315525,0.3460685056446356,0.34570315924052913
2025-05-21,0.335625,0.3410392026174133,0.34570315924052913
2025-05-22,0.354725,0.33166847085908924,0.34570315924052913
2025-05-23,0.363225,0.3252642277401221,0.34570315924052913
2025-05-27,0.36060000000000003,0.3179862153057576,0.34570315924052913
2025-05-28,0.35414999999999996,0.31029027143422333,0.34570315924052913
2025-05-29,0.34792500000000004,0.30352500236113794,0.34570315924052913
2025-05-30,0.36234999999999995,0.294287518193299,0.34570315924052913
2025-06-02,0.33849999999999997,0.31631451066223976,0.34570315924052913
2025-06-03,0.326975,0.3072639880545594,0.34570315924052913
2025-06-04,0.31427499999999997,0.29948335561802886,0.34570315924052913
2025-06-05,0.304425,0.29222303733086596,0.34570315924052913
2025-06-06,0.286025,0.29434516611057354,0.34570315924052913
2025-06-09,0.30074999999999996,0.2876811953616452,0.282674941659578
2025-06-10,0.2956,0.27997920000061494,0.282674941659578
2025-06-11,0.36155000000000004,0.32084930002620615,0.282674941659578
2025-06-12,0.439975,0.31130380521892825,0.282674941659578
2025-06-13,0.54085,0.3977411071584831,0.282674941659578
2025-06-16,0.51195,0.3937993196178247,0.282674941659578
2025-06-17,0.6467499999999999,0.421833566221996,0.282674941659578
2025-06-18,0.6223749999999999,0.4089852734960451,0.282674941659578
2025-06-20,0.602075,0.39853520427937156,0.282674941659578
2025-06-23,0.464225,0.5063832320428248,0.282674941659578
2025-06-24,0.36745,0.522066238865097,0.282674941659578
2025-06-25,0.356425,0.5064301333201651,0.282674941659578
2025-06-26,0.341025,0.49122593487050686,0.282674941659578
2025-06-27,0.340275,0.4765440053465558,0.282674941659578
2025-06-30,0.32545,0.4621148121014183,0.282674941659578
2025-07-01,0.32320000000000004,0.4501311416499134,0.282674941659578
2025-07-02,0.32955,0.44487780466921356,0.282674941659578
2025-07-03,0.321875,0.4318181668652531,0.282674941659578
2025-07-07,0.30315,0.4238564181799269,0.282674941659578
2025-07-08,0.31177499999999997,0.41166353821259977,0.282674941659578
2025-07-09,0.2979,0.39912548780283796,0.282674941659578
2025-07-10,0.29879999999999995,0.39487422620637713,0.2818900011637246
2025-07-11,0.326925,0.3948887105453473,0.2818900011637246
2025-07-14,0.30245,0.3921675519531384,0.2818900011637246
2025-07-15,0.29755,0.3806730615549306,0.2818900011637246
2025-07-16,0.294025,0.36909396301603525,0.2818900011637246
2025-07-17,0.28237500000000004,0.36130433478400387,0.2818900011637246
2025-07-18,0.2711,0.3504949175131043,0.2818900011637246
2025-07-21,0.276,0.34026521526551085,0.2818900011637246
2025-07-22,0.27837500000000004,0.33013103208110123,0.2818900011637246
2025-07-23,0.27705,0.3200943137565779,0.2818900011637246
2025-07-24,0.2763,0.31312074088940245,0.2818900011637246
2025-07-25,0.27415,0.3102319401615315,0.2818900011637246
2025-07-28,0.29974999999999996,0.3233533172329014,0.2818900011637246
2025-07-29,0.36014999999999997,0.3395073460980595,0.2818900011637246
2025-07-30,0.341475,0.3345806366297058,0.2818900011637246
2025-07-31,0.331825,0.33189770671319635,0.2818900011637246
2025-08-01,0.3558,0.33863396323951056,0.2818900011637246
2025-08-04,0.33215,0.33536038188839035,0.2818900011637246
2025-08-05,0.3159,0.329946561905546,0.2818900011637246
2025-08-06,0.320275,0.3262897695653238,0.2818900011637246
2025-08-07,0.30674999999999997,0.31695296568437276,0.2818900011637246
2025-08-08,0.29855,0.30736312190893855,0.296440547347777
2025-08-11,0.3001,0.2991697280979592,0.296440547347777
2025-08-12,0.28942500000000004,0.29353274626130355,0.296440547347777
2025-08-13,0.3002,0.28579462274130263,0.296440547347777
2025-08-14,0.31447499999999995,0.2853314221425177,0.296440547347777
2025-08-15,0.3227,0.2811011341292355,0.296440547347777
2025-08-18,0.2992,0.27324963895765514,0.296440547347777
2025-08-19,0.29774999999999996,0.26897718939361553,0.296440547347777
2025-08-20,0.29135,0.26877775164154105,0.296440547347777
2025-08-21,0.2839,0.26256294381221573,0.296440547347777
2025-08-22,0.2731,0.25595645038685333,0.296440547347777
2025-08-25,0.2803,0.2547110751783691,0.296440547347777
2025-08-26,0.29600000000000004,0.26224952575402755,0.296440547347777
2025-08-27,0.28604999999999997,0.25638545743141505,0.296440547347777
2025-08-28,0.29905000000000004,0.2502665721557267,0.296440547347777
2025-08-29,0.28675,0.2435261369125882,0.296440547347777
2025-09-02,0.29774999999999996,0.25582944157836474,0.296440547347777
2025-09-03,0.308125,0.2670700919685498,0.296440547347777
2025-09-04,0.3079,0.26114686152628835,0.296440547347777
2025-09-05,0.300325,0.266172758948441,0.296440547347777
2025-09-08,0.293625,0.2589906915604269,0.296440547347777
2025-09-09,0.28265,0.251787887938284,0.28912315967443514
2025-09-10,0.28007499999999996,0.25376777033045095,0.28912315967443514
2025-09-11,0.2728,0.2619933257370615,0.28912315967443514
2025-09-12,0.2652,0.2545458391029338,0.28912315967443514
2025-09-15,0.26754999999999995,0.25151074348024793,0.28912315967443514
2025-09-16,0.27885,0.25503688803228386,0.28912315967443514
2025-09-17,0.274925,0.2498942902570298,0.28912315967443514
2025-09-18,0.269675,0.24271799527015583,0.28912315967443514
2025-09-19,0.26180000000000003,0.24320049493598866,0.28912315967443514
2025-09-22,0.270775,0.23582071957326847,0.28912315967443514
2025-09-23,0.27825,0.2435082510875229,0.28912315967443514
2025-09-24,0.286225,0.24591453717894554,0.28912315967443514
2025-09-25,0.30522499999999997,0.24035605317974987,0.28912315967443514
2025-09-26,0.303825,0.23303876334965917,0.28912315967443514
2025-09-29,0.302,0.25804719588444563,0.28912315967443514
2025-09-30,0.3028,0.2540323498593578,0.28912315967443514
2025-10-01,0.30765,0.24840190643849616,0.28912315967443514
2025-10-02,0.32205,0.25573139100914133,0.28912315967443514
2025-10-03,0.30885,0.2481124913805779,0.28912315967443514
2025-10-06,0.296775,0.2485148451257582,0.28912315967443514
2025-10-07,0.281825,0.24158381170928403,0.28912315967443514
2025-10-08,0.2746,0.2348763303735885,0.26661151799729926
2025-10-09,0.28285000000000005,0.23410956558646775,0.26661151799729926
2025-10-10,0.3321,0.2841950945400394,0.26661151799729926
2025-10-13,0.3181,0.27995832711066426,0.26661151799729926
2025-10-14,0.32799999999999996,0.28068201165406587,0.26661151799729926
2025-10-15,0.321225,0.27213189043655883,0.26661151799729926
2025-10-16,0.33225,0.2722362039236804,0.26661151799729926
2025-10-17,0.326025,0.2641223017804359,0.26661151799729926
2025-10-20,0.3197,0.2562200882182426,0.26661151799729926
2025-10-21,0.31125,0.24968367180283726,0.26661151799729926
2025-10-22,0.306175,0.2757974988827859,0.26661151799729926
2025-10-23,0.35745,0.3035872642329571,0.26661151799729926
2025-10-24,0.34330000000000005,0.29439671332455675,0.26661151799729926
2025-10-27,0.34099999999999997,0.28544602253322154,0.26661151799729926
2025-10-28,0.314175,0.29199191811972924,0.26661151799729926
2025-10-29,0.31255,0.28397109092561307,0.26661151799729926
2025-10-30,0.29869999999999997,0.27536338221425555,0.26661151799729926
2025-10-31,0.304725,0.2708781142997585,0.26661151799729926
2025-11-03,0.293575,0.26280272508787156,0.26661151799729926
2025-11-04,0.2923,0.2584904964767854,0.26661151799729926
2025-11-05,0.287875,0.2553533986024571,0.26661151799729926
2025-11-06,0.2884,0.24771073649539532,0.2583585541872532
2025-11-07,0.281875,0.24106272170227042,0.2583585541872532
2025-11-10,0.2843,0.2348333956235952,0.2583585541872532
2025-11-11,0.27675,0.23446799838607577,0.2583585541872532
2025-11-12,0.286325,0.27793804249450205,0.2583585541872532
2025-11-13,0.28305,0.2694916474799351,0.2583585541872532
2025-11-14,0.2882,0.2745302094733988,0.2583585541872532
2025-11-17,0.28385,0.2662026284906027,0.2583585541872532
2025-11-18,0.2952,0.2661275927193395,0.2583585541872532
2025-11-19,0.298525,0.2725728543465823,0.2583585541872532
2025-11-20,0.3076,0.26731756011673613,0.2583585541872532
2025-11-21,0.31542499999999996,0.26347345636180836,0.2583585541872532
2025-11-24,0.3107,0.26294406708343315,0.2583585541872532
2025-11-25,0.319175,0.26312625152510827,0.2583585541872532
2025-11-26,0.30195,0.25889537935738505,0.2583585541872532
2025-11-28,0.30022499999999996,0.25734734808596404,0.2583585541872532
2025-12-01,0.296825,0.24950811110046314,0.2583585541872532
2025-12-02,0.300525,0.24649697326327652,0.2583585541872532
2025-12-03,0.280525,0.24033332187194967,0.2583585541872532
2025-12-04,0.27237500000000003,0.23641443530706377,0.2583585541872532
2025-12-05,0.262925,0.23100970901326334,0.2583585541872532
2025-12-08,0.283475,0.23719650844330004,0.24608831773497236
2025-12-09,0.27615,0.23260500479888283,0.24608831773497236
2025-12-10,0.275525,0.22864278013106287,0.24608831773497236
2025-12-11,0.26895,0.23300544790566852,0.24608831773497236
2025-12-12,0.25639999999999996,0.2272627374556553,0.24608831773497236
2025-12-15,0.28445,0.22647053149185575,0.24608831773497236
2025-12-16,0.30967500000000003,0.2411811032497634,0.24608831773497236
2025-12-17,0.303475,0.25629976209822897,0.24608831773497236
2025-12-18,0.28585,0.2526145723935853,0.24608831773497236
2025-12-19,0.28922499999999995,0.24963827525978075,0.24608831773497236
2025-12-22,0.29425,0.2603672916015604,0.24608831773497236
2025-12-23,0.295075,0.25441263541623066,0.24608831773497236
2025-12-24,0.29255,0.24672429883590147,0.24608831773497236
2025-12-26,0.29625,0.2579241097596205,0.24608831773497236
2025-12-29,0.30115000000000003,0.25803766310472254,0.24608831773497236
2025-12-30,0.291025,0.25028197233875615,0.24608831773497236
2025-12-31,0.2806,0.2448206578919157,0.24608831773497236
2026-01-02,0.2675505,0.2376294109207359,0.24608831773497236
2026-01-05,0.277681,0.24090811234953977,0.24608831773497236
2026-01-06,0.2815305,0.25247641491056955,0.24608831773497236
2026-01-07,0.298335,0.24820832276791618,0.24608831773497236
2026-01-08,0.28379425,0.2860415858307441,0.2846989031859703
2026-01-09,0.33470825000000004,0.27764191717227527,0.2846989031859703
2026-01-12,0.35378350000000003,0.2733432834532395,0.2846989031859703
2026-01-13,0.39749675,0.28257864441125685,0.2846989031859703
2026-01-14,0.43155299999999996,0.2778571768698698,0.2846989031859703
2026-01-15,0.36459025,0.2810419662265584,0.2846989031859703
2026-01-16,0.373485,0.27394839043053587,0.2846989031859703
2026-01-20,0.36230075,0.2658465016134912,0.2846989031859703
2026-01-21,0.4097615,0.2696624577999387,0.2846989031859703
2026-01-22,0.39262874999999997,0.27383690880206085,0.2846989031859703
2026-01-23,0.443932,0.28879493723172533,0.2846989031859703
2026-01-26,0.4367065,0.2810925650803466,0.2846989031859703
2026-01-27,0.4625135,0.29529017979848937,0.2846989031859703
2026-01-28,0.47260875,0.29046206553718473,0.2846989031859703
2026-01-29,0.5538635000000001,0.3084471000094561,0.2846989031859703
2026-01-30,0.5577325,0.299630054890897,0.2846989031859703
2026-02-02,0.4275635,0.3587396053679392,0.2846989031859703
2026-02-03,0.533114,0.3644680473136061,0.2846989031859703
2026-02-04,0.56503125,0.35396046187761265,0.2846989031859703
2026-02-05,0.52601725,0.34836129254757714,0.2846989031859703
2026-02-06,0.50669925,0.3380898224947466,0.2846989031859703
2026-02-09,0.45678175,0.3318386120665349,0.3118609637280106
2026-02-10,0.425039,0.32172985710410645,0.3118609637280106
2026-02-11,0.41756225,0.31482709707841394,0.3118609637280106
2026-02-12,0.382987,0.3301159056187864,0.3118609637280106
2026-02-13,0.37307075,0.32016309661258174,0.3118609637280106
2026-02-17,0.37702125,0.3114210632073366,0.3118609637280106
2026-02-18,0.46511074999999996,0.35359048992563974,0.3118609637280106
2026-02-19,0.52502925,0.35360917695693417,0.3118609637280106
2026-02-20,0.515266,0.3432249343968396,0.3118609637280106
2026-02-23,0.5415924999999999,0.33277760350802044,0.3118609637280106
2026-02-24,0.542642,0.3227101429074957,0.3118609637280106
2026-02-25,0.5453445,0.31683511404292836,0.3118609637280106
2026-02-26,0.572514,0.30718923135019655,0.3118609637280106
2026-02-27,0.630379,0.31574456787074934,0.3118609637280106
2026-03-02,0.6585967500000001,0.38961183296091595,0.3118609637280106
2026-03-03,0.7696909999999999,0.4001329757326073,0.3118609637280106
2026-03-04,0.770165,0.3922833002748866,0.3118609637280106
2026-03-05,0.8865989999999999,0.4281722602996949,0.3118609637280106
2026-03-06,1.098212,0.6293946275735943,0.3118609637280106
2026-03-09,0.98184125,0.6313730036582991,0.3118609637280106
2026-03-10,1.0905132499999999,0.6147508816825505,0.3118609637280106
2026-03-11,1.191623,0.6013179027104512,0.7021852937287205
2026-03-12,1.30452075,0.6827685932770915,0.7021852937287205
2026-03-13,1.18739725,0.6637765950984353,0.7021852937287205
2026-03-16,0.9998002500000001,0.663366840968415,0.7021852937287205
2026-03-17,0.95738375,0.6555199954349543,0.7021852937287205
2026-03-18,0.97431325,0.6421047955224188,0.7021852937287205
2026-03-19,0.8976517500000001,0.6381445354472931,0.7021852937287205
2026-03-20,0.88430525,0.6327463993884243,0.7021852937287205
2026-03-23,0.8542562499999999,0.7136669350202404,0.7021852937287205
2026-03-24,0.846647,0.7054589950349079,0.7021852937287205
2026-03-25,0.8629225,0.6850924492787467,0.7021852937287205
2026-03-26,0.907067,0.6769197262936271,0.7021852937287205
2026-03-27,0.9525135,0.6933373559685323,0.7021852937287205
2026-03-30,0.9416169999999999,0.6939671482387114,0.7021852937287205
2026-03-31,0.8808214999999999,0.6773379898805291,0.7021852937287205
2026-04-01,0.8858955,0.6639432666742756,0.7021852937287205
2026-04-02,0.93937075,0.7636707682067018,0.7021852937287205
2026-04-06,0.9599212500000001,0.7409604374276921,0.7021852937287205
2026-04-07,1.0219630000000002,0.7187933786288376,0.7021852937287205
2026-04-08,0.844751,0.8035637074868258,0.7021852937287205
2026-04-09,0.8432474999999999,0.7825512716615203,0.7021852937287205
2026-04-10,0.7916285000000001,0.7615856240754743,0.8444858449719137
