signal,fit_window,refit_every,entry_threshold,stop_loss_mult,num_trades,total_pnl,sharpe,max_drawdown_$,worst_trade,best_trade,win_rate_%,avg_trade_pnl,ann_return_$,ann_vol_$
GARCH,126,5,1.05,1.5,56,-2891.396574299002,-0.35293508502078363,-4646.077958441001,-1785.0106315859996,602.80540255,46.42857142857143,-61.99661465548217,-488.3592069191344,1383.7083011749198
GARCH,126,5,1.05,2.0,56,-2995.5522879869986,-0.31360024755911536,-3917.4921990289977,-1785.0106315859996,602.80540255,57.14285714285714,-63.85653811419643,-505.95119073238857,1613.363492760043
GARCH,126,5,1.05,2.5,56,-2692.024841982,-0.2551289682448297,-4816.1633884739995,-2890.003078233,602.80540255,60.71428571428571,-58.436405149821404,-454.68516097819304,1782.177712339835
GARCH,126,5,1.1,1.5,54,-3128.231926729005,-0.41858320083470685,-5256.814660549005,-1267.1473253679997,602.80540255,44.44444444444444,-64.95000788257413,-528.3608884287596,1262.260136993416
GARCH,126,5,1.1,2.0,54,-2986.7408139130034,-0.26934873034914786,-6254.222255254004,-1560.33657975,602.80540255,53.70370370370371,-62.3298020896852,-504.4629256743142,1872.8988438905783
GARCH,126,5,1.1,2.5,54,-2958.7547844150045,-0.2508312424491818,-6317.451089456004,-1598.00568445,602.80540255,57.407407407407405,-61.81154228416667,-499.73606278323126,1992.3198478135248
GARCH,126,5,1.15,1.5,49,-1921.7326301950015,-0.21722546395692396,-4972.060602749003,-1072.3490697500004,602.80540255,46.93877551020408,-62.05767331328577,-324.582186869397,1494.2179473662534
GARCH,126,5,1.15,2.0,49,-4366.0712423830055,-0.4455129392877802,-6737.8681507370065,-1928.2298773609998,602.80540255,48.97959183673469,-111.94213478651024,-737.4329444239393,1655.2447289249048
GARCH,126,5,1.15,2.5,49,-6510.242690417005,-0.5581194755156879,-8779.879668321006,-4093.842827745,602.80540255,51.02040816326531,-155.70073576679596,-1099.5852265315586,1970.1610045332507
GARCH,126,5,1.2,1.5,44,-3581.2974575709995,-0.35675925455737323,-5391.722833519001,-2238.8227923900004,598.2699888499995,52.27272727272727,-84.10332887270454,-604.8840209838418,1695.4963697698995
GARCH,126,5,1.2,2.0,44,-5671.529776636,-0.5352893282222094,-7993.427260684001,-2238.8227923900004,598.2699888499995,54.54545454545454,-131.60860885145456,-957.9259408259196,1789.5479889490066
GARCH,126,5,1.2,2.5,44,-7981.643094337,-0.7095632118865332,-9571.875807835002,-2238.8227923900004,598.2699888499995,54.54545454545454,-184.11118425375,-1348.1059381856057,1899.9095719764887
GARCH,126,21,1.05,1.5,57,2228.929927680997,0.27056001294112225,-2817.6575940500015,-959.8092717880002,589.4773001499999,57.89473684210527,15.063904116859616,376.46805749035605,1391.4401222780873
GARCH,126,21,1.05,2.0,57,2606.984386768,0.2760322401852844,-3403.775984400001,-1676.1315667060003,589.4773001499999,63.1578947368421,21.696438486807022,440.32175969539946,1595.1823576834254
GARCH,126,21,1.05,2.5,57,1110.2223279339985,0.09930558165375755,-4160.419230452,-3768.2489962900004,589.4773001499999,66.66666666666666,-4.562545001508776,187.51744412826247,1888.287053008436
GARCH,126,21,1.1,1.5,52,-1880.8935351210032,-0.17970565155822749,-5017.770118419003,-2238.8227923900004,1352.9272985500006,51.92307692307693,-38.46427976825005,-317.68443086494153,1767.8043406554007
GARCH,126,21,1.1,2.0,52,-1967.9833164860026,-0.1764678513091514,-6839.357481334004,-2238.8227923900004,1352.9272985500006,61.53846153846154,-40.13908325603851,-332.39396498289057,1883.5950147121955
GARCH,126,21,1.1,2.5,52,-748.0828890870025,-0.0633716393945945,-5417.297368035003,-2238.8227923900004,1352.9272985500006,65.38461538461539,-16.67945965221158,-126.35180164204064,1993.8225182291596
GARCH,126,21,1.15,1.5,47,-2906.069665106009,-0.3419587142250239,-5461.264459730009,-763.5846991499997,2428.922515845,40.42553191489361,-61.83126947034048,-490.8375037578514,1435.3706554027417
GARCH,126,21,1.15,2.0,47,-2541.072348638002,-0.2597871866029613,-5096.267143262002,-1401.5569812499998,2428.922515845,51.06382978723404,-54.065369119957474,-429.1891634428797,1652.0798006054831
GARCH,126,21,1.15,2.5,47,349.16094050999806,0.03376409610474979,-3474.0329966499994,-1838.0055447500001,2428.922515845,57.446808510638306,7.428956181063787,58.97356367863238,1746.6353458914668
GARCH,126,21,1.2,1.5,40,-2391.571317821993,-0.26932860632269723,-4881.921052095994,-763.5846991499997,1798.8520320650007,40.0,-59.789282945549985,-403.93831909593985,1499.7973093580688
GARCH,126,21,1.2,2.0,40,865.421196371999,0.08622237501327948,-3510.134243102002,-2006.7431595590003,1798.8520320650007,57.49999999999999,21.63552990929997,146.17033611645022,1695.2715126895762
GARCH,126,21,1.2,2.5,40,2557.7586927719985,0.24180138434470932,-2995.144999,-2006.7431595590003,1798.8520320650007,62.5,63.94396731929997,432.00750038776386,1786.6212865510267
GARCH,126,63,1.05,1.5,49,2035.7056851209925,0.25319160196335155,-4325.681978249001,-1267.1473253679997,797.5123385500009,63.26530612244898,33.80892216716319,343.8323275137333,1357.9926223757673
GARCH,126,63,1.05,2.0,49,5598.769135787,0.5069001063714222,-3444.468243553996,-1020.0790728,797.5123385500009,73.46938775510205,106.5245027929999,945.6366100659008,1865.5285295462177
GARCH,126,63,1.05,2.5,49,7950.008382384993,0.6876337601012655,-3039.554143606004,-1362.6853589399996,797.5123385500009,79.59183673469387,154.50897721336727,1342.7628098934438,1952.7296183010262
GARCH,126,63,1.1,1.5,46,3533.2363311779964,0.38337132947686503,-4675.127495896001,-819.3538999000003,1798.8520320650007,60.86956521739131,76.80948546039123,596.766458081002,1556.6277710316222
GARCH,126,63,1.1,2.0,46,5237.025495972002,0.5011555189696244,-3703.433684701997,-2006.7431595590003,1798.8520320650007,73.91304347826086,113.8483803472173,884.5378183545205,1764.9966624594497
GARCH,126,63,1.1,2.5,46,8312.089544772003,0.7683887711877639,-2777.8544567500003,-2006.7431595590003,1798.8520320650007,80.43478260869566,180.69759879939122,1403.918609438703,1827.0941248510783
GARCH,126,63,1.15,1.5,39,-161.94768614500208,-0.018806950661467516,-4042.521257399001,-836.4648229179999,919.5293068000003,48.717948717948715,-32.8472063666924,-27.35309444272153,1454.4141118402422
GARCH,126,63,1.15,2.0,39,195.89143491699724,0.02028747305763804,-3345.507508237,-1928.2298773609998,919.5293068000003,56.41025641025641,-23.671844288179575,33.086220910913745,1630.8694935497203
GARCH,126,63,1.15,2.5,39,509.807765882995,0.044294634988524394,-5400.613213064,-4093.842827745,919.5293068000003,61.53846153846154,-15.622707596743684,86.10694169069353,1943.9587144809216
GARCH,126,63,1.2,1.5,34,-5151.486781921001,-0.5199909475441978,-6353.389548669002,-2238.8227923900004,919.5293068000003,44.11764705882353,-155.02164102202946,-870.0902607534131,1673.2796308525308
GARCH,126,63,1.2,2.0,34,-5059.116024985997,-0.4727731421858461,-6155.5760899339975,-2238.8227923900004,919.5293068000003,50.0,-152.30485405335295,-854.4887656142569,1807.397014271084
GARCH,126,63,1.2,2.5,34,-3502.1419376369986,-0.30900566334158325,-5337.830402633999,-2238.8227923900004,919.5293068000003,55.88235294117647,-106.51149854308825,-591.5145900030319,1914.2516146998757
GARCH,252,5,1.05,1.5,54,-672.3157388989991,-0.06235785174752839,-4273.802265248999,-2238.8227923900004,1368.3598292,55.55555555555556,-12.450291461092657,-113.55466903656017,1821.0163733079694
GARCH,252,5,1.05,2.0,54,1401.347262235999,0.1186270917342066,-4919.445359414001,-2238.8227923900004,1368.3598292,68.51851851851852,25.95087522659262,236.6886796806111,1995.2329288399892
GARCH,252,5,1.05,2.5,54,-462.0217933649983,-0.03721634744640325,-6578.083930615003,-2238.8227923900004,1368.3598292,68.51851851851852,-8.555959136388875,-78.03585249864584,2096.8165296454304
GARCH,252,5,1.1,1.5,50,-435.8386384489959,-0.04356052083939461,-3706.541127998999,-2238.8227923900004,602.80540255,57.99999999999999,-8.71677276897998,-73.61349657449527,1689.9131405224568
GARCH,252,5,1.1,2.0,50,-2046.6544086639983,-0.18685628316303507,-6637.054925963999,-2238.8227923900004,602.80540255,66.0,-40.933088173279955,-345.68157572609084,1849.986363179868
GARCH,252,5,1.1,2.5,50,-3573.1524068649933,-0.3128269779587718,-7537.554847814998,-2238.8227923900004,602.80540255,66.0,-71.46304813729994,-603.5083153686182,1929.2080219761483
GARCH,252,5,1.15,1.5,43,-1270.9969082130003,-0.17389458739148086,-3218.3322577,-1141.2480177500001,954.0853341590002,51.162790697674424,-29.55806763286047,-214.6724000466998,1234.4973082078611
GARCH,252,5,1.15,2.0,43,-3018.624750818,-0.3430460136135907,-4784.097283494,-1560.33657975,954.0853341590002,55.81395348837209,-70.20057560041863,-509.8481482614852,1486.2383704472413
GARCH,252,5,1.15,2.5,43,-4390.214131793999,-0.46827132166747787,-6155.686664469999,-1850.8602169499998,954.0853341590002,58.139534883720934,-102.09800306497674,-741.5106978633295,1583.506534679227
GARCH,252,5,1.2,1.5,38,-1194.3056372440012,-0.15727351968346495,-3578.837588699999,-1141.2480177500001,954.0853341590002,47.368421052631575,-31.429095716947366,-201.71918269804846,1282.6010577243812
GARCH,252,5,1.2,2.0,38,-3586.161664986004,-0.41243024434137,-5225.649762162004,-1663.09648915,954.0853341590002,50.0,-94.37267539436844,-605.7055895284672,1468.6255381094759
GARCH,252,5,1.2,2.5,38,-2749.073314334997,-0.2972185113898957,-4418.540876649999,-1850.8602169499998,954.0853341590002,55.26315789473685,-72.34403458776313,-464.32069384210405,1562.219969647184
GARCH,252,21,1.05,1.5,52,4768.101899757002,0.5308494817801259,-1926.5040791000001,-873.4289125499996,2047.053152619001,57.692307692307686,91.69426730301919,805.3362458034615,1517.0707958551347
GARCH,252,21,1.05,2.0,52,4471.762434417989,0.3801081310660836,-3840.7746159060016,-3633.2757283729993,2047.053152619001,69.23076923076923,85.99543143111539,755.2842717649688,1987.024770153257
GARCH,252,21,1.05,2.5,52,5772.171049217993,0.48032713588276815,-3960.658143156002,-3633.2757283729993,2047.053152619001,73.07692307692307,111.00328940803851,974.9243327097414,2029.7090459359097
GARCH,252,21,1.1,1.5,47,3094.595842880998,0.3966620964166089,-2266.715442100001,-959.8092717880002,897.2916793,57.446808510638306,36.687413826829726,522.6797268136806,1317.6951655716484
GARCH,252,21,1.1,2.0,47,4987.244728818006,0.5297949152303973,-2359.761754300001,-1676.1315667060003,897.2916793,70.2127659574468,76.95653905953192,842.349645886151,1589.9541910851103
GARCH,252,21,1.1,2.5,47,5003.760273084,0.4490368987305184,-4160.419230452001,-3768.2489962900004,897.2916793,74.46808510638297,77.30793361838296,845.1391345959571,1882.1151156737178
GARCH,252,21,1.15,1.5,43,3069.1401700939996,0.36866524070819906,-2697.5046949999996,-790.7525468000002,2428.922515845,53.48837209302325,71.37535279288369,518.3802432062251,1406.1001308678474
GARCH,252,21,1.15,2.0,43,6474.007069211998,0.6484012353417259,-2035.7362598620034,-1218.8357458999994,2428.922515845,67.44186046511628,150.5583039351628,1093.4650009661016,1686.4017854466524
GARCH,252,21,1.15,2.5,43,7391.730873409996,0.7234364586070853,-2179.8854651830025,-1539.015220702,2428.922515845,69.76744186046511,171.90071798627903,1248.4692896108036,1725.7483705129043
GARCH,252,21,1.2,1.5,34,-122.54589595599896,-0.016286670423886693,-3637.0776919559994,-1833.6454745299989,1352.9272985500006,55.88235294117647,-3.6042910575294145,-20.698100389351033,1270.8613762451016
GARCH,252,21,1.2,2.0,33,3110.518441927996,0.32190821539212916,-4188.363408158999,-1625.8759894100006,1352.9272985500006,66.66666666666666,75.95215818436355,525.3690665990985,1632.046159366034
GARCH,252,21,1.2,2.5,33,2405.9270249939964,0.21547749692791945,-6262.5054415429995,-3700.0180227939995,1352.9272985500006,69.6969696969697,54.60090312575753,406.3630095834364,1885.8721461729765
GARCH,252,63,1.05,1.5,49,6562.568577920996,0.7567176786558522,-1800.3285908479993,-1465.38255365,831.6432238999997,71.42857142857143,126.19387916308159,1108.4231110161468,1464.7776076607915
GARCH,252,63,1.05,2.0,49,6391.92096993699,0.5710807017759149,-2315.7293414039978,-1465.38255365,831.6432238999997,73.46938775510205,122.71127491851014,1079.6005927775614,1890.4518913356374
GARCH,252,63,1.05,2.5,49,5012.049559134989,0.43758151173147347,-3062.821992855998,-1465.38255365,831.6432238999997,73.46938775510205,94.55063388173463,846.5392016769553,1934.5863090222217
GARCH,252,63,1.1,1.5,43,5471.112282236983,0.6828578549820642,-2082.0356845000006,-819.3538999000003,919.5293068000003,69.76744186046511,129.8624325841162,924.0752648282304,1353.24688452548
GARCH,252,63,1.1,2.0,43,4266.33286987799,0.5019837983364714,-2777.8544567500003,-1551.01867045,919.5293068000003,72.09302325581395,101.84430671530225,720.5870530893119,1435.478705642038
GARCH,252,63,1.1,2.5,43,6111.985992370987,0.6641570635312838,-2777.8544567500003,-2000.4801449709996,919.5293068000003,79.06976744186046,144.7664723546744,1032.3193499178878,1554.33015261346
GARCH,252,63,1.15,1.5,39,5188.617747554997,0.6034866222286632,-2143.2352082369985,-836.4648229179999,919.5293068000003,64.1025641025641,104.3467791127948,876.3617107130423,1452.1642708112686
GARCH,252,63,1.15,2.0,39,4224.205694516998,0.43605227049709255,-3379.7396915369995,-1928.2298773609998,919.5293068000003,69.23076923076923,79.61826493233329,713.4717392883938,1636.2069127057807
GARCH,252,63,1.15,2.5,39,3573.8144763329974,0.3145810265194134,-5400.613213064,-4093.842827745,919.5293068000003,71.7948717948718,62.941567030179435,603.6201394342596,1918.8065666668842
GARCH,252,63,1.2,1.5,32,1372.3638545289978,0.14132564045812018,-3500.940819869002,-2238.8227923900004,919.5293068000003,68.75,39.15983880315615,231.7933588078468,1640.136623874246
GARCH,252,63,1.2,2.0,32,1192.188000114,0.11652363668739717,-4415.275208633001,-2238.8227923900004,919.5293068000003,75.0,33.52934335268739,201.36151208359786,1728.0743873777199
GARCH,252,63,1.2,2.5,32,1784.854538312999,0.16678583434226338,-5337.830402634001,-2238.8227923900004,919.5293068000003,78.125,52.050172671406145,301.4633670609087,1807.4878376197812
GARCH,504,5,1.05,1.5,43,-183.7394208720009,-0.020009415886434064,-4040.975426246,-873.4289125499996,1798.8520320650007,48.837209302325576,-4.27300978772092,-31.03373596497602,1550.9566166804598
GARCH,504,5,1.05,2.0,43,24.676954471994804,0.0022097358319662598,-4792.747757151999,-2006.7431595590003,1798.8520320650007,67.44186046511628,0.5738826621394881,4.167957457736388,1886.1790615159957
GARCH,504,5,1.05,2.5,43,712.3694374219976,0.06362332455794535,-4188.950163502,-2006.7431595590003,1798.8520320650007,69.76744186046511,16.566731102837192,120.31977093186556,1891.1267490004166
GARCH,504,5,1.1,1.5,41,1915.8468446149973,0.23944465486776156,-3335.2595616000017,-1072.3490697500004,1341.232573451,56.09756097560976,37.48239867524383,323.5880729510585,1351.410717978929
GARCH,504,5,1.1,2.0,41,4955.548530450996,0.5584245347841789,-2223.8449557250005,-1165.775732450001,1341.232573451,68.29268292682927,111.62146418343897,836.9961324890422,1498.8527193070527
GARCH,504,5,1.1,2.5,41,4450.094287238996,0.48000951975251804,-3205.0374430870015,-1500.4040811500004,1341.232573451,70.73170731707317,99.29331190997557,751.6245042789726,1565.8533286308427
GARCH,504,5,1.15,1.5,37,3515.2760346149985,0.47094333059846344,-1869.5869776999996,-873.4289125499996,1341.232573451,62.16216216216216,84.76236582932425,593.732949546233,1260.7311983625111
GARCH,504,5,1.15,2.0,37,5646.621775650992,0.6353812578176262,-2116.4695204250047,-1667.88134115,1341.232573451,75.67567567567568,142.36630477624317,953.718959426307,1501.0184006718898
GARCH,504,5,1.15,2.5,37,4914.590372388993,0.54135853554573,-2878.9552434370034,-1667.88134115,1341.232573451,75.67567567567568,122.5816722556486,830.0782666501517,1533.3244276150012
GARCH,504,5,1.2,1.5,32,4930.995370309999,0.59935372359435,-2219.7056391500014,-884.1035824999999,2428.922515845,62.5,154.09360532218741,832.8490839933779,1389.5785597172005
GARCH,504,5,1.2,2.0,32,4697.915765354999,0.5129872931284893,-2959.3774181690005,-1783.907808,2428.922515845,68.75,146.80986766734372,793.4817512529892,1546.7863666054661
GARCH,504,5,1.2,2.5,32,4778.017613445998,0.5133003261588893,-2879.2755700780012,-1783.907808,2428.922515845,68.75,149.31305042018747,807.0110178206378,1572.200477368939
GARCH,504,21,1.05,1.5,37,4280.306108701999,0.6085207371482241,-1680.494731350001,-963.59020365,733.7724043930006,67.56756756756756,81.61143433354053,722.9471443652169,1188.0402757566515
GARCH,504,21,1.05,2.0,37,1789.0976072069973,0.18257010109929792,-3564.9750335139997,-3511.8212875319996,733.7724043930006,72.97297297297297,14.281474833675672,302.18002480976094,1655.14519075283
GARCH,504,21,1.05,2.5,37,1119.9775421569996,0.11156683295415888,-3970.5744574859987,-3511.8212875319996,733.7724043930006,72.97297297297297,-3.8028512487567734,189.16510765654417,1695.5317512174001
GARCH,504,21,1.1,1.5,34,4072.0212396069983,0.5027409173588343,-1794.9405289499996,-873.4289125499996,2047.053152619001,64.70588235294117,119.76533057667645,687.7676624537289,1368.0359777893923
GARCH,504,21,1.1,2.0,34,2114.860375517995,0.19858087699790933,-3810.821579545998,-3633.2757283729993,2047.053152619001,76.47058823529412,62.201775750529364,357.2016183850769,1798.7714818523918
GARCH,504,21,1.1,2.5,34,1291.6701471179956,0.11946434435693787,-4300.0259295060005,-3633.2757283729993,2047.053152619001,76.47058823529412,37.99029844464698,218.16412672502338,1826.1861135167528
GARCH,504,21,1.15,1.5,31,3328.399273680997,0.49211170821344324,-1665.2277096090002,-959.8092717880002,653.4618347499993,61.29032258064516,63.164899376161216,562.1693143214552,1142.361185354334
GARCH,504,21,1.15,2.0,31,3375.2457262679945,0.4382919638029618,-2068.3018008679996,-1676.1315667060003,653.4618347499993,70.96774193548387,64.6760752660644,570.0817178415111,1300.689414642785
GARCH,504,21,1.15,2.5,31,2375.3604599339988,0.24786837855375532,-4160.419230451999,-3768.2489962900004,745.3941302000001,74.19354838709677,32.42171183593539,401.2002921604341,1618.6021569242873
GARCH,504,21,1.2,1.5,27,3878.420927305,0.48076806946649847,-2567.397321618999,-638.9343522910001,1798.8520320650007,62.96296296296296,143.64521952981474,655.0684139952144,1362.545592352118
GARCH,504,21,1.2,2.0,27,4088.5077316299967,0.4539148973971893,-2681.0637364440017,-2006.7431595590003,1798.8520320650007,74.07407407407408,151.42621228259247,690.5522442163265,1521.3253589517515
GARCH,504,21,1.2,2.5,27,5458.058348079998,0.5943473077653484,-2657.5420988680003,-2006.7431595590003,1798.8520320650007,77.77777777777779,202.15030918814807,921.8704448499727,1551.0635495533065
GARCH,504,63,1.05,1.5,36,3987.482321956998,0.4839232760801459,-1616.2575461499991,-873.4289125499996,2047.053152619001,58.333333333333336,110.76339783213884,673.4889712688763,1391.7267562003674
GARCH,504,63,1.05,2.0,36,2515.559400667999,0.2352046835388949,-4069.1517860060003,-3633.2757283729993,2047.053152619001,72.22222222222221,69.87665001855551,424.8800060109489,1806.4266392071572
GARCH,504,63,1.05,2.5,36,3542.4609121679955,0.3239917794373694,-3810.821579546,-3633.2757283729993,2047.053152619001,75.0,98.40169200466663,598.3244972294469,1846.7274023695054
GARCH,504,63,1.1,1.5,33,3053.7404909709976,0.4824781446144332,-1800.3285908479997,-1267.1473253679997,562.0728817500003,63.63636363636363,81.05066642548486,515.7792250165492,1069.020909597321
GARCH,504,63,1.1,2.0,33,3599.1503124869973,0.37053720964753034,-2315.7293414039987,-1165.775732450001,562.0728817500003,69.6969696969697,97.57823677445452,607.8993825380182,1640.5893030723587
GARCH,504,63,1.1,2.5,33,4948.790881684999,0.48855531472518565,-3039.554143605998,-1362.6853589399996,774.7458542500002,75.75757575757575,138.4764358410606,835.854760177359,1710.87026378483
GARCH,504,63,1.15,1.5,29,5889.895602059994,0.6804651064610913,-1789.3916444570004,-713.7200723889997,2018.901663494,68.96551724137932,203.0998483468965,994.8081043693825,1461.9531478154718
GARCH,504,63,1.15,2.0,29,5039.557021681995,0.5303594148615844,-3163.0603261420033,-1222.6958364239995,2018.901663494,72.41379310344827,173.77782833386206,851.1852342251091,1604.9215124186212
GARCH,504,63,1.15,2.5,29,6226.365120347995,0.6431756119190845,-2557.3252715689987,-1551.109469958,2018.901663494,75.86206896551724,214.70224552924137,1051.6380766271413,1635.071444157065
GARCH,504,63,1.2,1.5,23,1253.6056008789965,0.13892304011226825,-3500.940819869001,-2238.8227923900004,653.4618347499993,65.21739130434783,49.319851654391144,211.7349942503399,1524.1171952415518
GARCH,504,63,1.2,2.0,23,769.3078963139999,0.08336083549552273,-4415.275208632999,-2238.8227923900004,653.4618347499993,69.56521739130434,28.26342971678249,129.9367224337319,1558.7262490994435
GARCH,504,63,1.2,2.5,23,1361.9744345129966,0.1397267419945237,-5337.830402634001,-2238.8227923900004,774.7458542500002,73.91304347826086,54.031540073260736,230.03857741104233,1646.3461047424853
